REGISTRO,SISTEMA,EMPRESA,DATACOPIA,HORACOPIA,USUARIO,DESTINO
1,OS OFICINA 7.0,SUL AUTO CENTER,2023-03-22,12:53,MASTER,C:\FPQSYS\OSOFICINA7.0A\BACKUP_OSOFICINA7.0_000001\
2,OS OFICINA 7.0,SUL AUTO CENTER,2023-03-22,12:54,MASTER,C:\FPQSYS\OSOFICINA7.0A\BACKUPS\BACKUP_OSOFICINA7.0_000002\
3,OS OFICINA 7.0,SUL AUTO CENTER,2023-03-22,13:10,MASTER,C:\FPQSYS\OSOFICINA7.0A\BACKUP_OSOFICINA7.0_000003\
4,OS OFICINA 7.0,SUL AUTO CENTER,2023-03-22,13:10,MASTER,C:\FPQSYS\OSOFICINA7.0A\BACKUP_OSOFICINA7.0_000004\
5,OS OFICINA 7.0,SUL AUTO CENTER,2023-03-23,18:26,MASTER,C:\FPQSYS\OSOFICINA7.0A\BACKUP_OSOFICINA7.0_000005\
6,OS OFICINA 7.0,SUL AUTO CENTER,2023-03-24,18:20,MASTER,C:\FPQSYS\OSOFICINA7.0A\BACKUP_OSOFICINA7.0_000006\
7,OS OFICINA 7.0,SUL AUTO CENTER,2023-03-27,18:37,MASTER,C:\FPQSYS\OSOFICINA7.0A\BACKUP_OSOFICINA7.0_000007\
8,OS OFICINA 7.0,SUL AUTO CENTER,2023-03-28,18:18,MASTER,C:\FPQSYS\OSOFICINA7.0A\BACKUP_OSOFICINA7.0_000008\
9,OS OFICINA 7.0,SUL AUTO CENTER,2023-03-30,18:46,MASTER,C:\FPQSYS\OSOFICINA7.0A\BACKUP_OSOFICINA7.0_000009\
10,OS OFICINA 7.0,SUL AUTO CENTER,2023-03-31,18:16,MASTER,C:\FPQSYS\OSOFICINA7.0A\BACKUP_OSOFICINA7.0_000010\
11,OS OFICINA 7.0,SUL AUTO CENTER,2023-04-03,18:30,MASTER,C:\FPQSYS\OSOFICINA7.0A\BACKUP_OSOFICINA7.0_000011\
12,OS OFICINA 7.0,SUL AUTO CENTER,2023-04-04,18:35,MASTER,C:\FPQSYS\OSOFICINA7.0A\BACKUP_OSOFICINA7.0_000012\
13,OS OFICINA 7.0,SUL AUTO CENTER,2023-04-05,18:37,MASTER,C:\FPQSYS\OSOFICINA7.0A\BACKUP_OSOFICINA7.0_000013\
14,OS OFICINA 7.0,SUL AUTO CENTER,2023-04-06,19:30,MASTER,C:\FPQSYS\OSOFICINA7.0A\BACKUP_OSOFICINA7.0_000014\
15,OS OFICINA 7.0,SUL AUTO CENTER,2023-04-10,19:03,MASTER,C:\FPQSYS\OSOFICINA7.0A\BACKUP_OSOFICINA7.0_000015\
16,OS OFICINA 7.0,SUL AUTO CENTER,2023-04-11,17:51,MASTER,C:\FPQSYS\OSOFICINA7.0A\BACKUP_OSOFICINA7.0_000016\
17,OS OFICINA 7.0,SUL AUTO CENTER,2023-04-11,18:31,MASTER,C:\FPQSYS\OSOFICINA7.0A\BACKUP_OSOFICINA7.0_000017\
18,OS OFICINA 7.0,SUL AUTO CENTER,2023-04-13,18:05,MASTER,C:\FPQSYS\OSOFICINA7.0A\BACKUP_OSOFICINA7.0_000018\
19,OS OFICINA 7.0,SUL AUTO CENTER,2023-04-14,17:52,MASTER,C:\FPQSYS\OSOFICINA7.0A\BACKUP_OSOFICINA7.0_000019\
20,OS OFICINA 7.0,SUL AUTO CENTER,2023-04-17,18:35,MASTER,C:\FPQSYS\OSOFICINA7.0A\BACKUP_OSOFICINA7.0_000020\
21,OS OFICINA 7.0,SUL AUTO CENTER,2023-04-18,18:19,MASTER,C:\FPQSYS\OSOFICINA7.0A\BACKUP_OSOFICINA7.0_000021\
22,OS OFICINA 7.0,SUL AUTO CENTER,2023-04-19,19:28,MASTER,C:\FPQSYS\OSOFICINA7.0A\BACKUP_OSOFICINA7.0_000022\
23,OS OFICINA 7.0,SUL AUTO CENTER,2023-04-24,19:16,MASTER,C:\FPQSYS\OSOFICINA7.0A\BACKUP_OSOFICINA7.0_000023\
24,OS OFICINA 7.0,SUL AUTO CENTER,2023-04-25,18:14,MASTER,C:\FPQSYS\OSOFICINA7.0A\BACKUP_OSOFICINA7.0_000024\
25,OS OFICINA 7.0,SUL AUTO CENTER,2023-04-26,18:40,MASTER,C:\FPQSYS\OSOFICINA7.0A\BACKUP_OSOFICINA7.0_000025\
26,OS OFICINA 7.0,SUL AUTO CENTER,2023-04-27,18:34,MASTER,C:\FPQSYS\OSOFICINA7.0A\BACKUP_OSOFICINA7.0_000026\
27,OS OFICINA 7.0,SUL AUTO CENTER,2023-04-27,18:41,MASTER,C:\FPQSYS\OSOFICINA7.0A\BACKUP_OSOFICINA7.0_000027\
28,OS OFICINA 7.0,SUL AUTO CENTER,2023-04-28,18:22,MASTER,C:\FPQSYS\OSOFICINA7.0A\BACKUP_OSOFICINA7.0_000028\
29,OS OFICINA 7.0,SUL AUTO CENTER,2023-05-02,18:14,MASTER,C:\FPQSYS\OSOFICINA7.0A\BACKUP_OSOFICINA7.0_000029\
30,OS OFICINA 7.0,SUL AUTO CENTER,2023-05-04,18:19,MASTER,C:\FPQSYS\OSOFICINA7.0A\BACKUP_OSOFICINA7.0_000030\
31,OS OFICINA 7.0,SUL AUTO CENTER,2023-05-05,18:24,MASTER,C:\FPQSYS\OSOFICINA7.0A\BACKUP_OSOFICINA7.0_000031\
32,OS OFICINA 7.0,SUL AUTO CENTER,2023-05-08,19:04,MASTER,C:\FPQSYS\OSOFICINA7.0A\BACKUP_OSOFICINA7.0_000031\BACKUP_OSOFICINA7.0_000032\
33,OS OFICINA 7.0,SUL AUTO CENTER,2023-05-09,18:08,MASTER,C:\FPQSYS\OSOFICINA7.0A\BACKUP_OSOFICINA7.0_000033\
34,OS OFICINA 7.0,SUL AUTO CENTER,2023-05-10,18:37,MASTER,C:\FPQSYS\OSOFICINA7.0A\BACKUP_OSOFICINA7.0_000034\
35,OS OFICINA 7.0,SUL AUTO CENTER,2023-05-11,18:11,MASTER,C:\FPQSYS\OSOFICINA7.0A\BACKUP_OSOFICINA7.0_000034\BACKUP_OSOFICINA7.0_000035\
36,OS OFICINA 7.0,SUL AUTO CENTER,2023-05-12,17:39,MASTER,C:\FPQSYS\OSOFICINA7.0A\BACKUP_OSOFICINA7.0_000036\
37,OS OFICINA 7.0,SUL AUTO CENTER,2023-05-15,18:26,MASTER,C:\FPQSYS\OSOFICINA7.0A\BACKUP_OSOFICINA7.0_000036\BACKUP_OSOFICINA7.0_000037\
38,OS OFICINA 7.0,SUL AUTO CENTER,2023-05-16,18:09,MASTER,C:\FPQSYS\OSOFICINA7.0A\BACKUP_OSOFICINA7.0_000036\BACKUP_OSOFICINA7.0_000038\
39,OS OFICINA 7.0,SUL AUTO CENTER,2023-05-17,18:04,MASTER,C:\FPQSYS\OSOFICINA7.0A\BACKUP_OSOFICINA7.0_000039\
40,OS OFICINA 7.0,SUL AUTO CENTER,2023-05-18,18:18,MASTER,C:\FPQSYS\OSOFICINA7.0A\BACKUP_OSOFICINA7.0_000040\
41,OS OFICINA 7.0,SUL AUTO CENTER,2023-05-19,18:45,MASTER,C:\FPQSYS\OSOFICINA7.0A\BACKUP_OSOFICINA7.0_000041\
42,OS OFICINA 7.0,SUL AUTO CENTER,2023-05-22,18:05,MASTER,C:\FPQSYS\OSOFICINA7.0A\BACKUP_OSOFICINA7.0_000042\
43,OS OFICINA 7.0,SUL AUTO CENTER,2023-05-23,18:31,MASTER,C:\FPQSYS\OSOFICINA7.0A\BACKUP_OSOFICINA7.0_000043\
44,OS OFICINA 7.0,SUL AUTO CENTER,2023-05-24,18:37,MASTER,C:\FPQSYS\OSOFICINA7.0A\BACKUP_OSOFICINA7.0_000044\
45,OS OFICINA 7.0,SUL AUTO CENTER,2023-05-25,18:21,MASTER,C:\FPQSYS\OSOFICINA7.0A\BACKUP_OSOFICINA7.0_000045\
46,OS OFICINA 7.0,SUL AUTO CENTER,2023-05-26,18:05,MASTER,C:\FPQSYS\OSOFICINA7.0A\BACKUP_OSOFICINA7.0_000046\
47,OS OFICINA 7.0,SUL AUTO CENTER,2023-05-29,18:18,MASTER,C:\FPQSYS\OSOFICINA7.0A\BACKUP_OSOFICINA7.0_000047\
48,OS OFICINA 7.0,SUL AUTO CENTER,2023-05-30,18:13,MASTER,C:\FPQSYS\OSOFICINA7.0A\BACKUP_OSOFICINA7.0_000048\
49,OS OFICINA 7.0,SUL AUTO CENTER,2023-05-31,18:37,MASTER,C:\FPQSYS\OSOFICINA7.0A\BACKUP_OSOFICINA7.0_000049\
50,OS OFICINA 7.0,SUL AUTO CENTER,2023-06-01,18:17,MASTER,C:\FPQSYS\OSOFICINA7.0A\BACKUP_OSOFICINA7.0_000050\
51,OS OFICINA 7.0,SUL AUTO CENTER,2023-06-05,18:21,MASTER,C:\FPQSYS\OSOFICINA7.0A\BACKUP_OSOFICINA7.0_000051\
52,OS OFICINA 7.0,SUL AUTO CENTER,2023-06-06,18:37,MASTER,C:\FPQSYS\OSOFICINA7.0A\BACKUP_OSOFICINA7.0_000052\
53,OS OFICINA 7.0,SUL AUTO CENTER,2023-06-07,14:42,MASTER,C:\FPQSYS\OSOFICINA7.0A\BACKUP_OSOFICINA7.0_000053\
54,OS OFICINA 7.0,SUL AUTO CENTER,2023-06-07,17:45,MASTER,C:\FPQSYS\OSOFICINA7.0A\BACKUP_OSOFICINA7.0_000054\
55,OS OFICINA 7.0,SUL AUTO CENTER,2023-06-09,18:13,MASTER,C:\FPQSYS\OSOFICINA7.0A\BACKUP_OSOFICINA7.0_000055\
56,OS OFICINA 7.0,SUL AUTO CENTER,2023-06-12,19:00,MASTER,C:\FPQSYS\OSOFICINA7.0A\BACKUP_OSOFICINA7.0_000056\
57,OS OFICINA 7.0,SUL AUTO CENTER,2023-06-13,18:04,MASTER,C:\FPQSYS\OSOFICINA7.0A\BACKUP_OSOFICINA7.0_000057\
58,OS OFICINA 7.0,SUL AUTO CENTER,2023-06-14,17:57,MASTER,C:\FPQSYS\OSOFICINA7.0A\BACKUP_OSOFICINA7.0_000058\
59,OS OFICINA 7.0,SUL AUTO CENTER,2023-06-15,18:20,MASTER,C:\FPQSYS\OSOFICINA7.0A\BACKUP_OSOFICINA7.0_000059\
60,OS OFICINA 7.0,SUL AUTO CENTER,2023-06-19,19:15,MASTER,C:\FPQSYS\OSOFICINA7.0A\BACKUP_OSOFICINA7.0_000060\
61,OS OFICINA 7.0,SUL AUTO CENTER,2023-06-20,18:17,MASTER,C:\FPQSYS\OSOFICINA7.0A\BACKUP_OSOFICINA7.0_000061\
62,OS OFICINA 7.0,SUL AUTO CENTER,2023-06-21,17:56,MASTER,C:\FPQSYS\OSOFICINA7.0A\BACKUP_OSOFICINA7.0_000062\
63,OS OFICINA 7.0,SUL AUTO CENTER,2023-06-22,18:09,MASTER,C:\FPQSYS\OSOFICINA7.0A\BACKUP_OSOFICINA7.0_000063\
64,OS OFICINA 7.0,SUL AUTO CENTER,2023-06-23,18:13,MASTER,C:\FPQSYS\OSOFICINA7.0A\BACKUP_OSOFICINA7.0_000064\
65,OS OFICINA 7.0,SUL AUTO CENTER,2023-06-26,19:18,MASTER,C:\FPQSYS\OSOFICINA7.0A\BACKUP_OSOFICINA7.0_000065\
66,OS OFICINA 7.0,SUL AUTO CENTER,2023-06-27,18:27,MASTER,C:\FPQSYS\OSOFICINA7.0A\BACKUP_OSOFICINA7.0_000066\
67,OS OFICINA 7.0,SUL AUTO CENTER,2023-06-28,18:32,MASTER,C:\FPQSYS\OSOFICINA7.0A\BACKUP_OSOFICINA7.0_000067\
68,OS OFICINA 7.0,SUL AUTO CENTER,2023-06-29,18:12,MASTER,C:\FPQSYS\OSOFICINA7.0A\BACKUP_OSOFICINA7.0_000068\
69,OS OFICINA 7.0,SUL AUTO CENTER,2023-06-30,18:32,MASTER,C:\FPQSYS\OSOFICINA7.0A\BACKUP_OSOFICINA7.0_000069\
70,OS OFICINA 7.0,SUL AUTO CENTER,2023-07-03,18:22,MASTER,C:\FPQSYS\OSOFICINA7.0A\BACKUP_OSOFICINA7.0_000070\
71,OS OFICINA 7.0,SUL AUTO CENTER,2023-07-04,18:14,MASTER,C:\FPQSYS\OSOFICINA7.0A\BACKUP_OSOFICINA7.0_000071\
72,OS OFICINA 7.0,SUL AUTO CENTER,2023-07-05,18:09,MASTER,C:\FPQSYS\OSOFICINA7.0A\BACKUP_OSOFICINA7.0_000072\
73,OS OFICINA 7.0,SUL AUTO CENTER,2023-07-06,18:10,MASTER,C:\FPQSYS\OSOFICINA7.0A\BACKUP_OSOFICINA7.0_000073\
74,OS OFICINA 7.0,SUL AUTO CENTER,2023-07-07,18:15,MASTER,C:\FPQSYS\OSOFICINA7.0A\BACKUP_OSOFICINA7.0_000074\
75,OS OFICINA 7.0,SUL AUTO CENTER,2023-07-10,18:51,MASTER,C:\FPQSYS\OSOFICINA7.0A\BACKUP_OSOFICINA7.0_000075\
76,OS OFICINA 7.0,SUL AUTO CENTER,2023-07-11,18:16,MASTER,C:\FPQSYS\OSOFICINA7.0A\BACKUP_OSOFICINA7.0_000076\
77,OS OFICINA 7.0,SUL AUTO CENTER,2023-07-12,18:01,MASTER,C:\FPQSYS\OSOFICINA7.0A\BACKUP_OSOFICINA7.0_000077\
78,OS OFICINA 7.0,SUL AUTO CENTER,2023-07-13,18:14,MASTER,C:\FPQSYS\OSOFICINA7.0A\BACKUP_OSOFICINA7.0_000078\
79,OS OFICINA 7.0,SUL AUTO CENTER,2023-07-14,18:17,MASTER,C:\FPQSYS\OSOFICINA7.0A\BACKUP_OSOFICINA7.0_000079\
80,OS OFICINA 7.0,SUL AUTO CENTER,2023-07-17,18:11,MASTER,C:\FPQSYS\OSOFICINA7.0A\BACKUP_OSOFICINA7.0_000080\
81,OS OFICINA 7.0,SUL AUTO CENTER,2023-07-18,18:50,MASTER,C:\FPQSYS\OSOFICINA7.0A\BACKUP_OSOFICINA7.0_000081\
82,OS OFICINA 7.0,SUL AUTO CENTER,2023-07-19,18:23,MASTER,C:\FPQSYS\OSOFICINA7.0A\BACKUP_OSOFICINA7.0_000082\
83,OS OFICINA 7.0,SUL AUTO CENTER,2023-07-20,18:11,MASTER,C:\FPQSYS\OSOFICINA7.0A\BACKUP_OSOFICINA7.0_000083\
84,OS OFICINA 7.0,SUL AUTO CENTER,2023-07-21,18:30,MASTER,C:\FPQSYS\OSOFICINA7.0A\BACKUP_OSOFICINA7.0_000084\
85,OS OFICINA 7.0,SUL AUTO CENTER,2023-07-24,18:16,MASTER,C:\FPQSYS\OSOFICINA7.0A\BACKUP_OSOFICINA7.0_000085\
86,OS OFICINA 7.0,SUL AUTO CENTER,2023-07-25,18:24,MASTER,C:\FPQSYS\OSOFICINA7.0A\BACKUP_OSOFICINA7.0_000086\
87,OS OFICINA 7.0,SUL AUTO CENTER,2023-07-26,17:56,MASTER,C:\FPQSYS\OSOFICINA7.0A\BACKUP_OSOFICINA7.0_000087\
88,OS OFICINA 7.0,SUL AUTO CENTER,2023-07-27,18:03,MASTER,C:\FPQSYS\OSOFICINA7.0A\BACKUP_OSOFICINA7.0_000088\
89,OS OFICINA 7.0,SUL AUTO CENTER,2023-07-28,17:43,MASTER,C:\FPQSYS\OSOFICINA7.0A\BACKUP_OSOFICINA7.0_000089\
90,OS OFICINA 7.0,SUL AUTO CENTER,2023-08-01,18:31,MASTER,C:\FPQSYS\OSOFICINA7.0A\BACKUP_OSOFICINA7.0_000090\
91,OS OFICINA 7.0,SUL AUTO CENTER,2023-08-03,17:27,MASTER,C:\FPQSYS\OSOFICINA7.0A\BACKUP_OSOFICINA7.0_000091\
92,OS OFICINA 7.0,SUL AUTO CENTER,2023-08-04,18:03,MASTER,C:\FPQSYS\OSOFICINA7.0A\BACKUP_OSOFICINA7.0_000092\
93,OS OFICINA 7.0,SUL AUTO CENTER,2023-08-07,18:59,MASTER,C:\FPQSYS\OSOFICINA7.0A\BACKUP_OSOFICINA7.0_000093\
94,OS OFICINA 7.0,SUL AUTO CENTER,2023-08-08,18:10,MASTER,C:\FPQSYS\OSOFICINA7.0A\BACKUP_OSOFICINA7.0_000094\
95,OS OFICINA 7.0,SUL AUTO CENTER,2023-08-09,17:58,MASTER,C:\FPQSYS\OSOFICINA7.0A\BACKUP_OSOFICINA7.0_000095\
96,OS OFICINA 7.0,SUL AUTO CENTER,2023-08-10,18:00,MASTER,C:\FPQSYS\OSOFICINA7.0A\BACKUP_OSOFICINA7.0_000096\
97,OS OFICINA 7.0,SUL AUTO CENTER,2023-08-11,18:04,MASTER,C:\FPQSYS\OSOFICINA7.0A\BACKUP_OSOFICINA7.0_000097\
98,OS OFICINA 7.0,SUL AUTO CENTER,2023-08-14,19:05,MASTER,C:\FPQSYS\OSOFICINA7.0A\BACKUP_OSOFICINA7.0_000098\
99,OS OFICINA 7.0,SUL AUTO CENTER,2023-08-15,18:11,MASTER,C:\FPQSYS\OSOFICINA7.0A\BACKUP_OSOFICINA7.0_000099\
100,OS OFICINA 7.0,SUL AUTO CENTER,2023-08-16,18:08,MASTER,C:\FPQSYS\OSOFICINA7.0A\BACKUP_OSOFICINA7.0_000100\
101,OS OFICINA 7.0,SUL AUTO CENTER,2023-08-17,18:06,MASTER,C:\FPQSYS\OSOFICINA7.0A\BACKUP_OSOFICINA7.0_000101\
102,OS OFICINA 7.0,SUL AUTO CENTER,2023-08-18,18:09,MASTER,C:\FPQSYS\OSOFICINA7.0A\BACKUP_OSOFICINA7.0_000102\
103,OS OFICINA 7.0,SUL AUTO CENTER,2023-08-21,18:37,MASTER,C:\FPQSYS\OSOFICINA7.0A\BACKUP_OSOFICINA7.0_000103\
104,OS OFICINA 7.0,SUL AUTO CENTER,2023-08-22,18:12,MASTER,C:\FPQSYS\OSOFICINA7.0A\BACKUP_OSOFICINA7.0_000104\
105,OS OFICINA 7.0,SUL AUTO CENTER,2023-08-24,18:10,MASTER,C:\FPQSYS\OSOFICINA7.0A\BACKUP_OSOFICINA7.0_000105\BACKUP_OSOFICINA7.0_000105\
106,OS OFICINA 7.0,SUL AUTO CENTER,2023-08-25,18:06,MASTER,C:\FPQSYS\OSOFICINA7.0A\BACKUP_OSOFICINA7.0_000106\
107,OS OFICINA 7.0,SUL AUTO CENTER,2023-08-28,18:14,MASTER,C:\FPQSYS\OSOFICINA7.0A\BACKUP_OSOFICINA7.0_000107\
108,OS OFICINA 7.0,SUL AUTO CENTER,2023-08-29,18:13,MASTER,C:\FPQSYS\OSOFICINA7.0A\BACKUP_OSOFICINA7.0_000108\
109,OS OFICINA 7.0,SUL AUTO CENTER,2023-08-30,18:01,MASTER,C:\FPQSYS\OSOFICINA7.0A\BACKUP_OSOFICINA7.0_000109\
110,OS OFICINA 7.0,SUL AUTO CENTER,2023-08-31,18:10,MASTER,C:\FPQSYS\OSOFICINA7.0A\BACKUP_OSOFICINA7.0_000110\
111,OS OFICINA 7.0,SUL AUTO CENTER,2023-09-01,18:02,MASTER,C:\FPQSYS\OSOFICINA7.0A\BACKUP_OSOFICINA7.0_000111\
112,OS OFICINA 7.0,SUL AUTO CENTER,2023-09-04,18:47,MASTER,C:\FPQSYS\OSOFICINA7.0A\BACKUP_OSOFICINA7.0_000112\
113,OS OFICINA 7.0,SUL AUTO CENTER,2023-09-06,18:31,MASTER,C:\FPQSYS\OSOFICINA7.0A\BACKUP_OSOFICINA7.0_000113\
114,OS OFICINA 7.0,SUL AUTO CENTER,2023-09-11,18:41,MASTER,C:\FPQSYS\OSOFICINA7.0A\BACKUP_OSOFICINA7.0_000114\
115,OS OFICINA 7.0,SUL AUTO CENTER,2023-09-12,18:13,MASTER,C:\FPQSYS\OSOFICINA7.0A\BACKUP_OSOFICINA7.0_000115\
116,OS OFICINA 7.0,SUL AUTO CENTER,2023-09-13,17:56,MASTER,C:\FPQSYS\OSOFICINA7.0A\BACKUP_OSOFICINA7.0_000116\
117,OS OFICINA 7.0,SUL AUTO CENTER,2023-09-14,18:11,MASTER,C:\FPQSYS\OSOFICINA7.0A\BACKUP_OSOFICINA7.0_000117\
118,OS OFICINA 7.0,SUL AUTO CENTER,2023-09-15,17:48,MASTER,C:\FPQSYS\OSOFICINA7.0A\BACKUP_OSOFICINA7.0_000118\
119,OS OFICINA 7.0,SUL AUTO CENTER,2023-09-18,18:15,MASTER,C:\FPQSYS\OSOFICINA7.0A\BACKUP_OSOFICINA7.0_000119\
120,OS OFICINA 7.0,SUL AUTO CENTER,2023-09-19,18:08,MASTER,C:\FPQSYS\OSOFICINA7.0A\BACKUP_OSOFICINA7.0_000120\
121,OS OFICINA 7.0,SUL AUTO CENTER,2023-09-20,17:43,MASTER,C:\FPQSYS\OSOFICINA7.0A\BACKUP_OSOFICINA7.0_000121\
122,OS OFICINA 7.0,SUL AUTO CENTER,2023-09-20,18:02,MASTER,C:\FPQSYS\OSOFICINA7.0A\BACKUP_OSOFICINA7.0_000122\
123,OS OFICINA 7.0,SUL AUTO CENTER,2023-09-21,18:09,MASTER,C:\FPQSYS\OSOFICINA7.0A\BACKUP_OSOFICINA7.0_000123\
124,OS OFICINA 7.0,SUL AUTO CENTER,2023-09-22,18:17,MASTER,C:\FPQSYS\OSOFICINA7.0A\BACKUP_OSOFICINA7.0_000124\
125,OS OFICINA 7.0,SUL AUTO CENTER,2023-09-25,18:51,MASTER,C:\FPQSYS\OSOFICINA7.0A\BACKUP_OSOFICINA7.0_000125\
126,OS OFICINA 7.0,SUL AUTO CENTER,2023-09-26,18:13,MASTER,C:\FPQSYS\OSOFICINA7.0A\BACKUP_OSOFICINA7.0_000126\
127,OS OFICINA 7.0,SUL AUTO CENTER,2023-09-27,18:01,MASTER,C:\FPQSYS\OSOFICINA7.0A\BACKUP_OSOFICINA7.0_000127\
128,OS OFICINA 7.0,SUL AUTO CENTER,2023-09-28,18:28,MASTER,C:\FPQSYS\OSOFICINA7.0A\BACKUP_OSOFICINA7.0_000128\
129,OS OFICINA 7.0,SUL AUTO CENTER,2023-09-28,18:45,MASTER,C:\FPQSYS\OSOFICINA7.0A\BACKUP_OSOFICINA7.0_000129\
130,OS OFICINA 7.0,SUL AUTO CENTER,2023-09-29,18:20,MASTER,C:\FPQSYS\OSOFICINA7.0A\BACKUP_OSOFICINA7.0_000130\
131,OS OFICINA 7.0,SUL AUTO CENTER,2023-10-02,19:05,MASTER,C:\FPQSYS\OSOFICINA7.0A\BACKUP_OSOFICINA7.0_000131\
132,OS OFICINA 7.0,SUL AUTO CENTER,2023-10-03,18:04,MASTER,C:\FPQSYS\OSOFICINA7.0A\BACKUP_OSOFICINA7.0_000132\
133,OS OFICINA 7.0,SUL AUTO CENTER,2023-10-04,18:40,MASTER,C:\FPQSYS\OSOFICINA7.0A\BACKUP_OSOFICINA7.0_000133\
134,OS OFICINA 7.0,SUL AUTO CENTER,2023-10-05,18:04,MASTER,C:\FPQSYS\OSOFICINA7.0A\BACKUP_OSOFICINA7.0_000134\
135,OS OFICINA 7.0,SUL AUTO CENTER,2023-10-06,18:16,MASTER,C:\FPQSYS\OSOFICINA7.0A\BACKUP_OSOFICINA7.0_000135\
136,OS OFICINA 7.0,SUL AUTO CENTER,2023-10-09,18:15,MASTER,C:\FPQSYS\OSOFICINA7.0A\BACKUP_OSOFICINA7.0_000136\
137,OS OFICINA 7.0,SUL AUTO CENTER,2023-10-11,18:22,MASTER,C:\FPQSYS\OSOFICINA7.0A\BACKUP_OSOFICINA7.0_000137\
138,OS OFICINA 7.0,SUL AUTO CENTER,2023-10-13,18:48,MASTER,C:\FPQSYS\OSOFICINA7.0A\BACKUP_OSOFICINA7.0_000138\
139,OS OFICINA 7.0,SUL AUTO CENTER,2023-10-16,19:14,MASTER,C:\FPQSYS\OSOFICINA7.0A\BACKUP_OSOFICINA7.0_000139\
140,OS OFICINA 7.0,SUL AUTO CENTER,2023-10-17,18:22,MASTER,C:\FPQSYS\OSOFICINA7.0A\BACKUP_OSOFICINA7.0_000140\
141,OS OFICINA 7.0,SUL AUTO CENTER,2023-10-18,17:56,MASTER,C:\FPQSYS\OSOFICINA7.0A\BACKUP_OSOFICINA7.0_000141\
142,OS OFICINA 7.0,SUL AUTO CENTER,2023-10-19,18:05,MASTER,C:\FPQSYS\OSOFICINA7.0A\BACKUP_OSOFICINA7.0_000142\
143,OS OFICINA 7.0,SUL AUTO CENTER,2023-10-20,17:53,MASTER,C:\FPQSYS\OSOFICINA7.0A\BACKUP_OSOFICINA7.0_000143\
144,OS OFICINA 7.0,SUL AUTO CENTER,2023-10-23,19:15,MASTER,C:\FPQSYS\OSOFICINA7.0A\BACKUP_OSOFICINA7.0_000144\
145,OS OFICINA 7.0,SUL AUTO CENTER,2023-10-24,18:17,MASTER,C:\FPQSYS\OSOFICINA7.0A\BACKUP_OSOFICINA7.0_000145\
146,OS OFICINA 7.0,SUL AUTO CENTER,2023-10-25,18:40,MASTER,C:\FPQSYS\OSOFICINA7.0A\BACKUP_OSOFICINA7.0_000146\
147,OS OFICINA 7.0,SUL AUTO CENTER,2023-10-26,18:06,MASTER,C:\FPQSYS\OSOFICINA7.0A\BACKUP_OSOFICINA7.0_000147\
148,OS OFICINA 7.0,SUL AUTO CENTER,2023-10-27,18:22,MASTER,C:\FPQSYS\OSOFICINA7.0A\BACKUP_OSOFICINA7.0_000148\
149,OS OFICINA 7.0,SUL AUTO CENTER,2023-10-30,18:44,MASTER,C:\FPQSYS\OSOFICINA7.0A\BACKUP_OSOFICINA7.0_000149\
150,OS OFICINA 7.0,SUL AUTO CENTER,2023-10-31,18:36,MASTER,C:\FPQSYS\OSOFICINA7.0A\BACKUP_OSOFICINA7.0_000150\
151,OS OFICINA 7.0,SUL AUTO CENTER,2023-11-01,18:00,MASTER,C:\FPQSYS\OSOFICINA7.0A\BACKUP_OSOFICINA7.0_000151\
152,OS OFICINA 7.0,SUL AUTO CENTER,2023-11-03,08:25,MASTER,C:\FPQSYS\OSOFICINA7.0A\BACKUP_OSOFICINA7.0_000152\
153,OS OFICINA 7.0,SUL AUTO CENTER,2023-11-03,18:31,MASTER,C:\FPQSYS\OSOFICINA7.0A\BACKUP_OSOFICINA7.0_000153\
154,OS OFICINA 7.0,SUL AUTO CENTER,2023-11-06,18:36,MASTER,C:\FPQSYS\OSOFICINA7.0A\BACKUP_OSOFICINA7.0_000154\
155,OS OFICINA 7.0,SUL AUTO CENTER,2023-11-07,18:17,MASTER,C:\FPQSYS\OSOFICINA7.0A\BACKUP_OSOFICINA7.0_000155\
156,OS OFICINA 7.0,SUL AUTO CENTER,2023-11-08,18:27,MASTER,C:\FPQSYS\OSOFICINA7.0A\BACKUP_OSOFICINA7.0_000156\
157,OS OFICINA 7.0,SUL AUTO CENTER,2023-11-09,18:21,MASTER,C:\FPQSYS\OSOFICINA7.0A\BACKUP_OSOFICINA7.0_000157\
158,OS OFICINA 7.0,SUL AUTO CENTER,2023-11-10,10:45,MASTER,C:\FPQSYS\OSOFICINA7.0A\BACKUP_OSOFICINA7.0_000158\
159,OS OFICINA 7.0,SUL AUTO CENTER,2023-11-10,17:43,MASTER,C:\FPQSYS\OSOFICINA7.0A\BACKUP_OSOFICINA7.0_000159\
160,OS OFICINA 7.0,SUL AUTO CENTER,2023-11-12,08:31,MASTER,C:\FPQSYS\OSOFICINA7.0A\BACKUP_OSOFICINA7.0_000160\
161,OS OFICINA 7.0,SUL AUTO CENTER,2023-11-13,18:03,MASTER,C:\FPQSYS\OSOFICINA7.0A\BACKUP_OSOFICINA7.0_000161\
162,OS OFICINA 7.0,SUL AUTO CENTER,2023-11-14,18:02,MASTER,C:\FPQSYS\OSOFICINA7.0A\BACKUP_OSOFICINA7.0_000162\
163,OS OFICINA 7.0,SUL AUTO CENTER,2023-11-16,18:03,MASTER,C:\FPQSYS\OSOFICINA7.0A\BACKUP_OSOFICINA7.0_000163\
164,OS OFICINA 7.0,SUL AUTO CENTER,2023-11-17,17:44,MASTER,C:\FPQSYS\OSOFICINA7.0A\BACKUP_OSOFICINA7.0_000164\
165,OS OFICINA 7.0,SUL AUTO CENTER,2023-11-20,18:16,MASTER,C:\FPQSYS\OSOFICINA7.0A\BACKUP_OSOFICINA7.0_000165\
166,OS OFICINA 7.0,SUL AUTO CENTER,2023-11-21,17:53,MASTER,C:\FPQSYS\OSOFICINA7.0A\BACKUP_OSOFICINA7.0_000166\
167,OS OFICINA 7.0,SUL AUTO CENTER,2023-11-23,17:54,MASTER,C:\FPQSYS\OSOFICINA7.0A\BACKUP_OSOFICINA7.0_000167\
168,OS OFICINA 7.0,SUL AUTO CENTER,2023-11-24,18:07,MASTER,C:\FPQSYS\OSOFICINA7.0A\BACKUP_OSOFICINA7.0_000168\
169,OS OFICINA 7.0,SUL AUTO CENTER,2023-11-27,18:57,MASTER,C:\FPQSYS\OSOFICINA7.0A\BACKUP_OSOFICINA7.0_000169\
170,OS OFICINA 7.0,SUL AUTO CENTER,2023-11-28,18:16,MASTER,C:\FPQSYS\OSOFICINA7.0A\BACKUP_OSOFICINA7.0_000170\
171,OS OFICINA 7.0,SUL AUTO CENTER,2023-11-29,18:10,MASTER,C:\FPQSYS\OSOFICINA7.0A\BACKUP_OSOFICINA7.0_000171\
172,OS OFICINA 7.0,SUL AUTO CENTER,2023-11-30,18:14,MASTER,C:\FPQSYS\OSOFICINA7.0A\BACKUP_OSOFICINA7.0_000172\
173,OS OFICINA 7.0,SUL AUTO CENTER,2023-12-01,18:07,MASTER,C:\FPQSYS\OSOFICINA7.0A\BACKUP_OSOFICINA7.0_000173\
174,OS OFICINA 7.0,SUL AUTO CENTER,2023-12-04,19:14,MASTER,C:\FPQSYS\OSOFICINA7.0A\BACKUP_OSOFICINA7.0_000174\
175,OS OFICINA 7.0,SUL AUTO CENTER,2023-12-05,18:02,MASTER,C:\FPQSYS\OSOFICINA7.0A\BACKUP_OSOFICINA7.0_000175\
176,OS OFICINA 7.0,SUL AUTO CENTER,2023-12-06,18:19,MASTER,C:\FPQSYS\OSOFICINA7.0A\BACKUP_OSOFICINA7.0_000176\
177,OS OFICINA 7.0,SUL AUTO CENTER,2023-12-07,18:36,MASTER,C:\FPQSYS\OSOFICINA7.0A\BACKUP_OSOFICINA7.0_000177\
178,OS OFICINA 7.0,SUL AUTO CENTER,2023-12-08,18:14,MASTER,C:\FPQSYS\OSOFICINA7.0A\BACKUP_OSOFICINA7.0_000178\
179,OS OFICINA 7.0,SUL AUTO CENTER,2023-12-11,19:02,MASTER,C:\FPQSYS\OSOFICINA7.0A\BACKUP_OSOFICINA7.0_000179\
180,OS OFICINA 7.0,SUL AUTO CENTER,2023-12-12,18:17,MASTER,C:\FPQSYS\OSOFICINA7.0A\BACKUP_OSOFICINA7.0_000180\
181,OS OFICINA 7.0,SUL AUTO CENTER,2023-12-13,18:24,MASTER,C:\FPQSYS\OSOFICINA7.0A\BACKUP_OSOFICINA7.0_000181\
182,OS OFICINA 7.0,SUL AUTO CENTER,2023-12-14,18:49,MASTER,C:\FPQSYS\OSOFICINA7.0A\BACKUP_OSOFICINA7.0_000182\
183,OS OFICINA 7.0,SUL AUTO CENTER,2023-12-15,18:05,MASTER,C:\FPQSYS\OSOFICINA7.0A\BACKUP_OSOFICINA7.0_000183\
184,OS OFICINA 7.0,SUL AUTO CENTER,2023-12-18,18:56,MASTER,C:\FPQSYS\OSOFICINA7.0A\BACKUP_OSOFICINA7.0_000184\
185,OS OFICINA 7.0,SUL AUTO CENTER,2023-12-19,18:17,MASTER,C:\FPQSYS\OSOFICINA7.0A\BACKUP_OSOFICINA7.0_000185\
186,OS OFICINA 7.0,SUL AUTO CENTER,2023-12-20,18:10,MASTER,C:\FPQSYS\OSOFICINA7.0A\BACKUP_OSOFICINA7.0_000186\
187,OS OFICINA 7.0,SUL AUTO CENTER,2023-12-21,13:11,MASTER,C:\FPQSYS\OSOFICINA7.0A\BACKUP_OSOFICINA7.0_000187\
188,OS OFICINA 7.0,SUL AUTO CENTER,2024-01-03,18:02,MASTER,C:\FPQSYS\OSOFICINA7.0A\BACKUP_OSOFICINA7.0_000188\
189,OS OFICINA 7.0,SUL AUTO CENTER,2024-01-04,18:13,MASTER,C:\FPQSYS\OSOFICINA7.0A\BACKUP_OSOFICINA7.0_000189\
190,OS OFICINA 7.0,SUL AUTO CENTER,2024-01-05,18:06,MASTER,C:\FPQSYS\OSOFICINA7.0A\BACKUP_OSOFICINA7.0_000190\
191,OS OFICINA 7.0,SUL AUTO CENTER,2024-01-08,18:56,MASTER,C:\FPQSYS\OSOFICINA7.0A\BACKUP_OSOFICINA7.0_000191\
192,OS OFICINA 7.0,SUL AUTO CENTER,2024-01-09,18:36,MASTER,C:\FPQSYS\OSOFICINA7.0A\BACKUP_OSOFICINA7.0_000192\
193,OS OFICINA 7.0,SUL AUTO CENTER,2024-01-10,18:54,MASTER,C:\FPQSYS\OSOFICINA7.0A\BACKUP_OSOFICINA7.0_000193\
194,OS OFICINA 7.0,SUL AUTO CENTER,2024-01-11,16:20,MASTER,C:\FPQSYS\OSOFICINA7.0A\BACKUP_OSOFICINA7.0_000194\
195,OS OFICINA 7.0,SUL AUTO CENTER,2024-01-11,18:09,MASTER,C:\FPQSYS\OSOFICINA7.0A\BACKUP_OSOFICINA7.0_000195\
196,OS OFICINA 7.0,SUL AUTO CENTER,2024-01-12,18:10,MASTER,C:\FPQSYS\OSOFICINA7.0A\BACKUP_OSOFICINA7.0_000196\
197,OS OFICINA 7.0,SUL AUTO CENTER,2024-01-15,19:05,MASTER,C:\FPQSYS\OSOFICINA7.0A\BACKUP_OSOFICINA7.0_000197\
198,OS OFICINA 7.0,SUL AUTO CENTER,2024-01-16,14:18,MASTER,C:\FPQSYS\OSOFICINA7.0A\BACKUP_OSOFICINA7.0_000198\
199,OS OFICINA 7.0,SUL AUTO CENTER,2024-01-16,18:12,MASTER,Z:\BACKUP_OSOFICINA7.0_000199\
200,OS OFICINA 7.0,SUL AUTO CENTER,2024-01-17,17:10,MASTER,Z:\BACKUP_OSOFICINA7.0_000200\
201,OS OFICINA 7.0,SUL AUTO CENTER,2024-01-17,18:11,MASTER,C:\FPQSYS\OSOFICINA7.0A\BACKUP_OSOFICINA7.0_000201\
202,OS OFICINA 7.0,SUL AUTO CENTER,2024-01-18,19:02,MASTER,C:\FPQSYS\OSOFICINA7.0A\BACKUP_OSOFICINA7.0_000202\
203,OS OFICINA 7.0,SUL AUTO CENTER,2024-01-19,17:52,MASTER,C:\FPQSYS\OSOFICINA7.0A\BACKUP_OSOFICINA7.0_000203\
204,OS OFICINA 7.0,SUL AUTO CENTER,2024-01-22,18:52,MASTER,C:\FPQSYS\OSOFICINA7.0A\BACKUP_OSOFICINA7.0_000204\
205,OS OFICINA 7.0,SUL AUTO CENTER,2024-01-23,18:01,MASTER,C:\FPQSYS\OSOFICINA7.0A\BACKUP_OSOFICINA7.0_000205\
206,OS OFICINA 7.0,SUL AUTO CENTER,2024-01-24,18:22,MASTER,C:\FPQSYS\OSOFICINA7.0A\BACKUP_OSOFICINA7.0_000206\
207,OS OFICINA 7.0,SUL AUTO CENTER,2024-01-25,18:02,MASTER,C:\FPQSYS\OSOFICINA7.0A\BACKUP_OSOFICINA7.0_000207\
208,OS OFICINA 7.0,SUL AUTO CENTER,2024-01-31,15:08,MASTER,C:\USERS\ADMIN\DOWNLOADS\BACKUP_OSOFICINA7.0_000208\
209,OS OFICINA 7.0,SUL AUTO CENTER,2024-01-31,18:10,MASTER,C:\FPQSYS\OSOFICINA7.0A\BACKUP_OSOFICINA7.0_000209\
210,OS OFICINA 7.0,SUL AUTO CENTER,2024-02-01,18:08,MASTER,C:\FPQSYS\OSOFICINA7.0A\BACKUP_OSOFICINA7.0_000210\
211,OS OFICINA 7.0,SUL AUTO CENTER,2024-02-02,17:44,MASTER,C:\FPQSYS\OSOFICINA7.0A\BACKUP_OSOFICINA7.0_000211\
212,OS OFICINA 7.0,SUL AUTO CENTER,2024-02-05,18:22,MASTER,C:\FPQSYS\OSOFICINA7.0A\BACKUP_OSOFICINA7.0_000212\
213,OS OFICINA 7.0,SUL AUTO CENTER,2024-02-06,17:28,MASTER,C:\FPQSYS\OSOFICINA7.0A\BACKUP_OSOFICINA7.0_000213\
214,OS OFICINA 7.0,SUL AUTO CENTER,2024-02-07,18:26,MASTER,C:\FPQSYS\OSOFICINA7.0A\BACKUP_OSOFICINA7.0_000214\
215,OS OFICINA 7.0,SUL AUTO CENTER,2024-02-08,18:11,MASTER,C:\FPQSYS\OSOFICINA7.0A\BACKUP_OSOFICINA7.0_000215\
216,OS OFICINA 7.0,SUL AUTO CENTER,2024-02-09,18:28,MASTER,C:\FPQSYS\OSOFICINA7.0A\BACKUP_OSOFICINA7.0_000216\
217,OS OFICINA 7.0,SUL AUTO CENTER,2024-02-13,17:53,MASTER,C:\FPQSYS\OSOFICINA7.0A\BACKUP_OSOFICINA7.0_000217\
218,OS OFICINA 7.0,SUL AUTO CENTER,2024-02-14,17:59,MASTER,C:\FPQSYS\OSOFICINA7.0A\BACKUP_OSOFICINA7.0_000218\
219,OS OFICINA 7.0,SUL AUTO CENTER,2024-02-15,18:22,MASTER,C:\FPQSYS\OSOFICINA7.0A\BACKUP_OSOFICINA7.0_000219\
220,OS OFICINA 7.0,SUL AUTO CENTER,2024-02-16,17:59,MASTER,C:\FPQSYS\OSOFICINA7.0A\BACKUP_OSOFICINA7.0_000220\
221,OS OFICINA 7.0,SUL AUTO CENTER,2024-02-19,18:58,MASTER,C:\FPQSYS\OSOFICINA7.0A\BACKUP_OSOFICINA7.0_000221\
222,OS OFICINA 7.0,SUL AUTO CENTER,2024-02-20,18:18,MASTER,C:\FPQSYS\OSOFICINA7.0A\BACKUP_OSOFICINA7.0_000222\
223,OS OFICINA 7.0,SUL AUTO CENTER,2024-02-21,18:03,MASTER,C:\FPQSYS\OSOFICINA7.0A\BACKUP_OSOFICINA7.0_000223\
224,OS OFICINA 7.0,SUL AUTO CENTER,2024-02-22,18:24,MASTER,C:\FPQSYS\OSOFICINA7.0A\BACKUP_OSOFICINA7.0_000224\
225,OS OFICINA 7.0,SUL AUTO CENTER,2024-02-23,17:19,MASTER,C:\FPQSYS\OSOFICINA7.0A\BACKUP_OSOFICINA7.0_000225\
226,OS OFICINA 7.0,SUL AUTO CENTER,2024-02-26,18:02,MASTER,C:\FPQSYS\OSOFICINA7.0A\BACKUP_OSOFICINA7.0_000226\
227,OS OFICINA 7.0,SUL AUTO CENTER,2024-02-27,18:07,MASTER,C:\FPQSYS\OSOFICINA7.0A\BACKUP_OSOFICINA7.0_000227\
228,OS OFICINA 7.0,SUL AUTO CENTER,2024-02-28,18:06,MASTER,C:\FPQSYS\OSOFICINA7.0A\BACKUP_OSOFICINA7.0_000228\
229,OS OFICINA 7.0,SUL AUTO CENTER,2024-02-29,18:02,MASTER,C:\FPQSYS\OSOFICINA7.0A\BACKUP_OSOFICINA7.0_000229\
230,OS OFICINA 7.0,SUL AUTO CENTER,2024-03-01,18:16,MASTER,C:\FPQSYS\OSOFICINA7.0A\BACKUP_OSOFICINA7.0_000230\
231,OS OFICINA 7.0,SUL AUTO CENTER,2024-03-04,19:12,MASTER,C:\FPQSYS\OSOFICINA7.0A\BACKUP_OSOFICINA7.0_000231\
232,OS OFICINA 7.0,SUL AUTO CENTER,2024-03-05,16:14,MASTER,C:\FPQSYS\OSOFICINA7.0A\BACKUP_OSOFICINA7.0_000232\
233,OS OFICINA 7.0,SUL AUTO CENTER,2024-03-05,18:00,MASTER,C:\FPQSYS\OSOFICINA7.0A\BACKUP_OSOFICINA7.0_000233\
234,OS OFICINA 7.0,SUL AUTO CENTER,2024-03-06,10:22,MASTER,C:\FPQSYS\OSOFICINA7.0A\BACKUP_OSOFICINA7.0_000234\
235,OS OFICINA 7.0,SUL AUTO CENTER,2024-03-06,18:02,MASTER,C:\FPQSYS\OSOFICINA7.0A\BACKUP_OSOFICINA7.0_000235\
236,OS OFICINA 7.0,SUL AUTO CENTER,2024-03-06,18:03,MASTER,C:\USERS\ADMIN\DOWNLOADS\BACKUP_OSOFICINA7.0_000236\
237,OS OFICINA 7.0,SUL AUTO CENTER,2024-03-07,18:02,MASTER,C:\FPQSYS\OSOFICINA7.0A\BACKUP_OSOFICINA7.0_000237\
238,OS OFICINA 7.0,SUL AUTO CENTER,2024-03-08,18:03,MASTER,C:\FPQSYS\OSOFICINA7.0A\BACKUP_OSOFICINA7.0_000238\
239,OS OFICINA 7.0,SUL AUTO CENTER,2024-03-11,18:25,MASTER,C:\FPQSYS\OSOFICINA7.0A\BACKUP_OSOFICINA7.0_000239\
240,OS OFICINA 7.0,SUL AUTO CENTER,2024-03-12,18:13,MASTER,C:\FPQSYS\OSOFICINA7.0A\BACKUP_OSOFICINA7.0_000240\
241,OS OFICINA 7.0,SUL AUTO CENTER,2024-03-13,18:01,MASTER,C:\FPQSYS\OSOFICINA7.0A\BACKUP_OSOFICINA7.0_000241\
242,OS OFICINA 7.0,SUL AUTO CENTER,2024-03-14,18:15,MASTER,C:\FPQSYS\OSOFICINA7.0A\BACKUP_OSOFICINA7.0_000242\
243,OS OFICINA 7.0,SUL AUTO CENTER,2024-03-15,18:04,MASTER,C:\FPQSYS\OSOFICINA7.0A\BACKUP_OSOFICINA7.0_000243\
244,OS OFICINA 7.0,SUL AUTO CENTER,2024-03-18,18:09,MASTER,C:\FPQSYS\OSOFICINA7.0A\BACKUP_OSOFICINA7.0_000244\
245,OS OFICINA 7.0,SUL AUTO CENTER,2024-03-19,17:50,MASTER,C:\FPQSYS\OSOFICINA7.0A\BACKUP_OSOFICINA7.0_000245\
246,OS OFICINA 7.0,SUL AUTO CENTER,2024-03-20,17:57,MASTER,C:\FPQSYS\OSOFICINA7.0A\BACKUP_OSOFICINA7.0_000246\
247,OS OFICINA 7.0,SUL AUTO CENTER,2024-03-21,18:03,MASTER,C:\FPQSYS\OSOFICINA7.0A\BACKUP_OSOFICINA7.0_000247\
248,OS OFICINA 7.0,SUL AUTO CENTER,2024-03-22,17:49,MASTER,C:\FPQSYS\OSOFICINA7.0A\BACKUP_OSOFICINA7.0_000248\
249,OS OFICINA 7.0,SUL AUTO CENTER,2024-03-22,17:53,MASTER,C:\USERS\ADMIN\DOWNLOADS\BACKUP_OSOFICINA7.0_000249\
250,OS OFICINA 7.0,SUL AUTO CENTER,2024-03-25,18:53,MASTER,C:\FPQSYS\OSOFICINA7.0A\BACKUP_OSOFICINA7.0_000250\
251,OS OFICINA 7.0,SUL AUTO CENTER,2024-03-26,17:59,MASTER,C:\FPQSYS\OSOFICINA7.0A\BACKUP_OSOFICINA7.0_000251\
252,OS OFICINA 7.0,SUL AUTO CENTER,2024-03-27,18:17,MASTER,C:\FPQSYS\OSOFICINA7.0A\BACKUP_OSOFICINA7.0_000252\
253,OS OFICINA 7.0,SUL AUTO CENTER,2024-03-28,18:18,MASTER,C:\FPQSYS\OSOFICINA7.0A\BACKUP_OSOFICINA7.0_000253\
254,OS OFICINA 7.0,SUL AUTO CENTER,2024-03-28,18:18,MASTER,C:\USERS\ADMIN\DOWNLOADS\BACKUP_OSOFICINA7.0_000254\
255,OS OFICINA 7.0,SUL AUTO CENTER,2024-04-02,18:04,MASTER,C:\FPQSYS\OSOFICINA7.0A\BACKUP_OSOFICINA7.0_000255\
256,OS OFICINA 7.0,SUL AUTO CENTER,2024-04-03,11:18,MASTER,C:\FPQSYS\OSOFICINA7.0A\BACKUP_OSOFICINA7.0_000256\
257,OS OFICINA 7.0,SUL AUTO CENTER,2024-04-03,17:37,MASTER,C:\FPQSYS\OSOFICINA7.0A\BACKUP_OSOFICINA7.0_000257\
258,OS OFICINA 7.0,SUL AUTO CENTER,2024-04-05,19:02,MASTER,C:\FPQSYS\OSOFICINA7.0A\BACKUP_OSOFICINA7.0_000258\
259,OS OFICINA 7.0,SUL AUTO CENTER,2024-04-08,18:32,MASTER,C:\FPQSYS\OSOFICINA7.0A\BACKUP_OSOFICINA7.0_000259\
260,OS OFICINA 7.0,SUL AUTO CENTER,2024-04-09,18:03,MASTER,C:\FPQSYS\OSOFICINA7.0A\BACKUP_OSOFICINA7.0_000260\
261,OS OFICINA 7.0,SUL AUTO CENTER,2024-04-10,18:10,MASTER,C:\FPQSYS\OSOFICINA7.0A\BACKUP_OSOFICINA7.0_000261\
262,OS OFICINA 7.0,SUL AUTO CENTER,2024-04-11,17:57,MASTER,C:\FPQSYS\OSOFICINA7.0A\BACKUP_OSOFICINA7.0_000262\
263,OS OFICINA 7.0,SUL AUTO CENTER,2024-04-12,18:25,MASTER,C:\FPQSYS\OSOFICINA7.0A\BACKUP_OSOFICINA7.0_000263\
264,OS OFICINA 7.0,SUL AUTO CENTER,2024-04-16,18:03,MASTER,C:\FPQSYS\OSOFICINA7.0A\BACKUP_OSOFICINA7.0_000264\
265,OS OFICINA 7.0,SUL AUTO CENTER,2024-04-17,18:16,MASTER,C:\FPQSYS\OSOFICINA7.0A\BACKUP_OSOFICINA7.0_000265\
266,OS OFICINA 7.0,SUL AUTO CENTER,2024-04-18,18:05,MASTER,C:\FPQSYS\OSOFICINA7.0A\BACKUP_OSOFICINA7.0_000266\
267,OS OFICINA 7.0,SUL AUTO CENTER,2024-04-19,18:03,MASTER,C:\FPQSYS\OSOFICINA7.0A\BACKUP_OSOFICINA7.0_000267\
268,OS OFICINA 7.0,SUL AUTO CENTER,2024-04-22,18:14,MASTER,C:\FPQSYS\OSOFICINA7.0A\BACKUP_OSOFICINA7.0_000268\
269,OS OFICINA 7.0,SUL AUTO CENTER,2024-04-23,17:42,MASTER,C:\FPQSYS\OSOFICINA7.0A\BACKUP_OSOFICINA7.0_000269\
270,OS OFICINA 7.0,SUL AUTO CENTER,2024-04-24,18:02,MASTER,C:\FPQSYS\OSOFICINA7.0A\BACKUP_OSOFICINA7.0_000270\
271,OS OFICINA 7.0,SUL AUTO CENTER,2024-04-25,17:47,MASTER,C:\FPQSYS\OSOFICINA7.0A\BACKUP_OSOFICINA7.0_000271\
272,OS OFICINA 7.0,SUL AUTO CENTER,2024-04-26,17:33,MASTER,C:\FPQSYS\OSOFICINA7.0A\BACKUP_OSOFICINA7.0_000272\
273,OS OFICINA 7.0,SUL AUTO CENTER,2024-04-29,17:59,MASTER,C:\FPQSYS\OSOFICINA7.0A\BACKUP_OSOFICINA7.0_000273\
274,OS OFICINA 7.0,SUL AUTO CENTER,2024-04-30,17:57,MASTER,C:\FPQSYS\OSOFICINA7.0A\BACKUP_OSOFICINA7.0_000274\
275,OS OFICINA 7.0,SUL AUTO CENTER,2024-05-02,18:17,MASTER,C:\FPQSYS\OSOFICINA7.0A\BACKUP_OSOFICINA7.0_000275\
276,OS OFICINA 7.0,SUL AUTO CENTER,2024-05-06,17:14,MASTER,C:\FPQSYS\OSOFICINA7.0A\BACKUP_OSOFICINA7.0_000276\
277,OS OFICINA 7.0,SUL AUTO CENTER,2024-05-07,14:29,MASTER,C:\FPQSYS\OSOFICINA7.0A\BACKUP_OSOFICINA7.0_000277\
278,OS OFICINA 7.0,SUL AUTO CENTER,2024-05-07,18:08,MASTER,C:\FPQSYS\OSOFICINA7.0A\BACKUP_OSOFICINA7.0_000278\
279,OS OFICINA 7.0,SUL AUTO CENTER,2024-05-08,18:24,MASTER,C:\FPQSYS\OSOFICINA7.0A\BACKUP_OSOFICINA7.0_000279\
280,OS OFICINA 7.0,SUL AUTO CENTER,2024-05-09,18:14,MASTER,C:\FPQSYS\OSOFICINA7.0A\BACKUP_OSOFICINA7.0_000280\
281,OS OFICINA 7.0,SUL AUTO CENTER,2024-05-09,18:30,MASTER,C:\FPQSYS\OSOFICINA7.0A\BACKUP_OSOFICINA7.0_000281\
282,OS OFICINA 7.0,SUL AUTO CENTER,2024-05-10,17:58,MASTER,C:\FPQSYS\OSOFICINA7.0A\BACKUP_OSOFICINA7.0_000282\
283,OS OFICINA 7.0,SUL AUTO CENTER,2024-05-13,19:16,MASTER,C:\FPQSYS\OSOFICINA7.0A\BACKUP_OSOFICINA7.0_000283\
284,OS OFICINA 7.0,SUL AUTO CENTER,2024-05-14,18:58,MASTER,C:\FPQSYS\OSOFICINA7.0A\BACKUP_OSOFICINA7.0_000284\
285,OS OFICINA 7.0,SUL AUTO CENTER,2024-05-15,18:03,MASTER,C:\FPQSYS\OSOFICINA7.0A\BACKUP_OSOFICINA7.0_000285\
286,OS OFICINA 7.0,SUL AUTO CENTER,2024-05-16,18:01,MASTER,C:\FPQSYS\OSOFICINA7.0A\BACKUP_OSOFICINA7.0_000286\
287,OS OFICINA 7.0,SUL AUTO CENTER,2024-05-17,17:52,MASTER,C:\FPQSYS\OSOFICINA7.0A\BACKUP_OSOFICINA7.0_000287\
288,OS OFICINA 7.0,SUL AUTO CENTER,2024-05-20,19:06,MASTER,C:\FPQSYS\OSOFICINA7.0A\BACKUP_OSOFICINA7.0_000288\
289,OS OFICINA 7.0,SUL AUTO CENTER,2024-05-21,17:37,MASTER,C:\FPQSYS\OSOFICINA7.0A\BACKUP_OSOFICINA7.0_000289\
290,OS OFICINA 7.0,SUL AUTO CENTER,2024-05-21,17:37,MASTER,C:\FPQSYS\OSOFICINA7.0A\BACKUP_OSOFICINA7.0_000290\
291,OS OFICINA 7.0,SUL AUTO CENTER,2024-05-22,16:57,MASTER,C:\FPQSYS\OSOFICINA7.0A\BACKUP_OSOFICINA7.0_000291\
292,OS OFICINA 7.0,SUL AUTO CENTER,2024-05-22,17:54,MASTER,C:\FPQSYS\OSOFICINA7.0A\BACKUP_OSOFICINA7.0_000292\
293,OS OFICINA 7.0,SUL AUTO CENTER,2024-05-23,10:34,MASTER,C:\FPQSYS\OSOFICINA7.0A\BACKUP_OSOFICINA7.0_000293\
294,OS OFICINA 7.0,SUL AUTO CENTER,2024-05-23,18:05,MASTER,C:\FPQSYS\OSOFICINA7.0A\BACKUP_OSOFICINA7.0_000294\
295,OS OFICINA 7.0,SUL AUTO CENTER,2024-05-24,17:48,MASTER,C:\FPQSYS\OSOFICINA7.0A\BACKUP_OSOFICINA7.0_000295\
296,OS OFICINA 7.0,SUL AUTO CENTER,2024-05-27,18:28,MASTER,C:\FPQSYS\OSOFICINA7.0A\BACKUP_OSOFICINA7.0_000296\
297,OS OFICINA 7.0,SUL AUTO CENTER,2024-05-29,17:51,MASTER,C:\FPQSYS\OSOFICINA7.0A\BACKUP_OSOFICINA7.0_000297\
298,OS OFICINA 7.0,SUL AUTO CENTER,2024-05-29,17:52,MASTER,C:\USERS\ADMIN\DOWNLOADS\BACKUP_OSOFICINA7.0_000298\
299,OS OFICINA 7.0,SUL AUTO CENTER,2024-05-31,17:44,MASTER,C:\FPQSYS\OSOFICINA7.0A\BACKUP_OSOFICINA7.0_000299\
300,OS OFICINA 7.0,SUL AUTO CENTER,2024-06-03,18:27,MASTER,C:\FPQSYS\OSOFICINA7.0A\BACKUP_OSOFICINA7.0_000300\
301,OS OFICINA 7.0,SUL AUTO CENTER,2024-06-04,17:53,MASTER,C:\FPQSYS\OSOFICINA7.0A\BACKUP_OSOFICINA7.0_000301\
302,OS OFICINA 7.0,SUL AUTO CENTER,2024-06-04,17:53,MASTER,C:\USERS\ADMIN\DOWNLOADS\BACKUP_OSOFICINA7.0_000302\
303,OS OFICINA 7.0,SUL AUTO CENTER,2024-06-05,17:56,MASTER,C:\FPQSYS\OSOFICINA7.0A\BACKUP_OSOFICINA7.0_000303\
304,OS OFICINA 7.0,SUL AUTO CENTER,2024-06-06,18:20,MASTER,C:\FPQSYS\OSOFICINA7.0A\BACKUP_OSOFICINA7.0_000304\
305,OS OFICINA 7.0,SUL AUTO CENTER,2024-06-07,15:39,MASTER,C:\FPQSYS\OSOFICINA7.0A\BACKUP_OSOFICINA7.0_000305\
306,OS OFICINA 7.0,SUL AUTO CENTER,2024-06-07,18:28,MASTER,C:\FPQSYS\OSOFICINA7.0A\BACKUP_OSOFICINA7.0_000306\
307,OS OFICINA 7.0,SUL AUTO CENTER,2024-06-11,17:48,MASTER,C:\FPQSYS\OSOFICINA7.0A\BACKUP_OSOFICINA7.0_000307\
308,OS OFICINA 7.0,SUL AUTO CENTER,2024-06-12,17:37,MASTER,C:\FPQSYS\OSOFICINA7.0A\BACKUP_OSOFICINA7.0_000308\
309,OS OFICINA 7.0,SUL AUTO CENTER,2024-06-13,18:07,MASTER,C:\FPQSYS\OSOFICINA7.0A\BACKUP_OSOFICINA7.0_000309\
310,OS OFICINA 7.0,SUL AUTO CENTER,2024-06-14,17:48,MASTER,C:\FPQSYS\OSOFICINA7.0A\BACKUP_OSOFICINA7.0_000310\
311,OS OFICINA 7.0,SUL AUTO CENTER,2024-06-17,19:00,MASTER,C:\FPQSYS\OSOFICINA7.0A\BACKUP_OSOFICINA7.0_000311\
312,OS OFICINA 7.0,SUL AUTO CENTER,2024-06-19,18:48,MASTER,C:\FPQSYS\OSOFICINA7.0A\BACKUP_OSOFICINA7.0_000312\
313,OS OFICINA 7.0,SUL AUTO CENTER,2024-06-20,17:59,MASTER,C:\FPQSYS\OSOFICINA7.0A\BACKUP_OSOFICINA7.0_000313\
314,OS OFICINA 7.0,SUL AUTO CENTER,2024-06-21,18:01,MASTER,C:\FPQSYS\OSOFICINA7.0A\BACKUP_OSOFICINA7.0_000314\
315,OS OFICINA 7.0,SUL AUTO CENTER,2024-06-25,18:29,MASTER,C:\FPQSYS\OSOFICINA7.0A\BACKUP_OSOFICINA7.0_000315\
316,OS OFICINA 7.0,SUL AUTO CENTER,2024-06-26,18:00,MASTER,C:\FPQSYS\OSOFICINA7.0A\BACKUP_OSOFICINA7.0_000316\
317,OS OFICINA 7.0,SUL AUTO CENTER,2024-06-26,18:01,MASTER,C:\USERS\ADMIN\DOWNLOADS\BACKUP_OSOFICINA7.0_000317\
318,OS OFICINA 7.0,SUL AUTO CENTER,2024-06-27,18:05,MASTER,C:\FPQSYS\OSOFICINA7.0A\BACKUP_OSOFICINA7.0_000318\
319,OS OFICINA 7.0,SUL AUTO CENTER,2024-06-28,18:16,MASTER,C:\FPQSYS\OSOFICINA7.0A\BACKUP_OSOFICINA7.0_000319\
320,OS OFICINA 7.0,SUL AUTO CENTER,2024-07-01,18:57,MASTER,C:\FPQSYS\OSOFICINA7.0A\BACKUP_OSOFICINA7.0_000320\
321,OS OFICINA 7.0,SUL AUTO CENTER,2024-07-02,17:42,MASTER,C:\FPQSYS\OSOFICINA7.0A\BACKUP_OSOFICINA7.0_000321\
322,OS OFICINA 7.0,SUL AUTO CENTER,2024-07-03,17:51,MASTER,C:\FPQSYS\OSOFICINA7.0A\BACKUP_OSOFICINA7.0_000322\
323,OS OFICINA 7.0,SUL AUTO CENTER,2024-07-03,17:55,MASTER,C:\USERS\ADMIN\DOWNLOADS\BACKUP_OSOFICINA7.0_000323\
324,OS OFICINA 7.0,SUL AUTO CENTER,2024-07-04,18:06,MASTER,C:\FPQSYS\OSOFICINA7.0A\BACKUP_OSOFICINA7.0_000324\
325,OS OFICINA 7.0,SUL AUTO CENTER,2024-07-05,18:08,MASTER,C:\FPQSYS\OSOFICINA7.0A\BACKUP_OSOFICINA7.0_000325\
326,OS OFICINA 7.0,SUL AUTO CENTER,2024-07-08,18:09,MASTER,C:\FPQSYS\OSOFICINA7.0A\BACKUP_OSOFICINA7.0_000326\
327,OS OFICINA 7.0,SUL AUTO CENTER,2024-07-09,18:03,MASTER,C:\FPQSYS\OSOFICINA7.0A\BACKUP_OSOFICINA7.0_000327\
328,OS OFICINA 7.0,SUL AUTO CENTER,2024-07-10,18:08,MASTER,C:\FPQSYS\OSOFICINA7.0A\BACKUP_OSOFICINA7.0_000328\
329,OS OFICINA 7.0,SUL AUTO CENTER,2024-07-11,18:02,MASTER,C:\FPQSYS\OSOFICINA7.0A\BACKUP_OSOFICINA7.0_000329\
330,OS OFICINA 7.0,SUL AUTO CENTER,2024-07-11,18:03,MASTER,C:\USERS\ADMIN\DOWNLOADS\BACKUP_OSOFICINA7.0_000330\
331,OS OFICINA 7.0,SUL AUTO CENTER,2024-07-12,18:11,MASTER,C:\FPQSYS\OSOFICINA7.0A\BACKUP_OSOFICINA7.0_000331\
332,OS OFICINA 7.0,SUL AUTO CENTER,2024-07-15,17:59,MASTER,C:\FPQSYS\OSOFICINA7.0A\BACKUP_OSOFICINA7.0_000332\
333,OS OFICINA 7.0,SUL AUTO CENTER,2024-07-16,18:17,MASTER,C:\FPQSYS\OSOFICINA7.0A\BACKUP_OSOFICINA7.0_000333\
334,OS OFICINA 7.0,SUL AUTO CENTER,2024-07-17,18:06,MASTER,C:\FPQSYS\OSOFICINA7.0A\BACKUP_OSOFICINA7.0_000334\
335,OS OFICINA 7.0,SUL AUTO CENTER,2024-07-18,17:55,MASTER,C:\FPQSYS\OSOFICINA7.0A\BACKUP_OSOFICINA7.0_000335\
336,OS OFICINA 7.0,SUL AUTO CENTER,2024-07-19,18:24,MASTER,C:\FPQSYS\OSOFICINA7.0A\BACKUP_OSOFICINA7.0_000336\
337,OS OFICINA 7.0,SUL AUTO CENTER,2024-07-22,19:11,MASTER,C:\FPQSYS\OSOFICINA7.0A\BACKUP_OSOFICINA7.0_000337\
338,OS OFICINA 7.0,SUL AUTO CENTER,2024-07-23,17:52,MASTER,C:\FPQSYS\OSOFICINA7.0A\BACKUP_OSOFICINA7.0_000338\
339,OS OFICINA 7.0,SUL AUTO CENTER,2024-07-24,17:56,MASTER,C:\FPQSYS\OSOFICINA7.0A\BACKUP_OSOFICINA7.0_000339\
340,OS OFICINA 7.0,SUL AUTO CENTER,2024-07-25,18:12,MASTER,C:\FPQSYS\OSOFICINA7.0A\BACKUP_OSOFICINA7.0_000340\
341,OS OFICINA 7.0,SUL AUTO CENTER,2024-07-26,18:10,MASTER,C:\FPQSYS\OSOFICINA7.0A\BACKUP_OSOFICINA7.0_000341\
342,OS OFICINA 7.0,SUL AUTO CENTER,2024-07-26,18:10,MASTER,C:\USERS\ADMIN\DOWNLOADS\BACKUP_OSOFICINA7.0_000342\
343,OS OFICINA 7.0,SUL AUTO CENTER,2024-07-29,18:00,MASTER,C:\FPQSYS\OSOFICINA7.0A\BACKUP_OSOFICINA7.0_000343\
344,OS OFICINA 7.0,SUL AUTO CENTER,2024-07-30,18:00,MASTER,C:\FPQSYS\OSOFICINA7.0A\BACKUP_OSOFICINA7.0_000344\
345,OS OFICINA 7.0,SUL AUTO CENTER,2024-07-31,17:48,MASTER,C:\FPQSYS\OSOFICINA7.0A\BACKUP_OSOFICINA7.0_000345\
346,OS OFICINA 7.0,SUL AUTO CENTER,2024-07-31,17:48,MASTER,C:\USERS\ADMIN\DOWNLOADS\BACKUP_OSOFICINA7.0_000346\
347,OS OFICINA 7.0,SUL AUTO CENTER,2024-08-01,17:56,MASTER,C:\FPQSYS\OSOFICINA7.0A\BACKUP_OSOFICINA7.0_000347\
348,OS OFICINA 7.0,SUL AUTO CENTER,2024-08-02,17:54,MASTER,C:\FPQSYS\OSOFICINA7.0A\BACKUP_OSOFICINA7.0_000348\
349,OS OFICINA 7.0,SUL AUTO CENTER,2024-08-05,18:04,MASTER,C:\FPQSYS\OSOFICINA7.0A\BACKUP_OSOFICINA7.0_000349\
350,OS OFICINA 7.0,SUL AUTO CENTER,2024-08-06,18:04,MASTER,C:\FPQSYS\OSOFICINA7.0A\BACKUP_OSOFICINA7.0_000350\
351,OS OFICINA 7.0,SUL AUTO CENTER,2024-08-07,17:45,MASTER,C:\FPQSYS\OSOFICINA7.0A\BACKUP_OSOFICINA7.0_000351\
352,OS OFICINA 7.0,SUL AUTO CENTER,2024-08-08,17:56,MASTER,C:\FPQSYS\OSOFICINA7.0A\BACKUP_OSOFICINA7.0_000352\
353,OS OFICINA 7.0,SUL AUTO CENTER,2024-08-09,18:51,MASTER,C:\FPQSYS\OSOFICINA7.0A\BACKUP_OSOFICINA7.0_000353\
354,OS OFICINA 7.0,SUL AUTO CENTER,2024-08-12,18:47,MASTER,C:\FPQSYS\OSOFICINA7.0A\BACKUP_OSOFICINA7.0_000354\
355,OS OFICINA 7.0,SUL AUTO CENTER,2024-08-13,17:53,MASTER,C:\FPQSYS\OSOFICINA7.0A\BACKUP_OSOFICINA7.0_000355\
356,OS OFICINA 7.0,SUL AUTO CENTER,2024-08-14,17:57,MASTER,C:\FPQSYS\OSOFICINA7.0A\BACKUP_OSOFICINA7.0_000356\
357,OS OFICINA 7.0,SUL AUTO CENTER,2024-08-15,14:13,MASTER,C:\FPQSYS\OSOFICINA7.0A\BACKUP_OSOFICINA7.0_000357\
358,OS OFICINA 7.0,SUL AUTO CENTER,2024-08-15,14:53,MASTER,D:\BACKUP_OSOFICINA7.0_000358\
359,OS OFICINA 7.0,SUL AUTO CENTER,2024-08-15,15:32,MASTER,C:\FPQSYS\OSOFICINA7.0A\BACKUP_OSOFICINA7.0_000359\
360,OS OFICINA 7.0,SUL AUTO CENTER,2024-08-16,18:03,MASTER,T:\OSOFICINA7.0\BACKUP_OSOFICINA7.0_000360\BACKUP_OSOFICINA7.0_000360\
361,OS OFICINA 7.0,SUL AUTO CENTER,2024-08-16,18:04,MASTER,C:\FPQSYS\OSOFICINA7.0\BACKUP_OSOFICINA7.0_000361\
362,OS OFICINA 7.0,SUL AUTO CENTER,2024-08-19,18:15,MASTER,C:\FPQSYS\OSOFICINA7.0\BACKUP_OSOFICINA7.0_000362\
363,OS OFICINA 7.0,SUL AUTO CENTER,2024-08-19,18:32,MASTER,T:\OSOFICINA7.0\BACKUP_OSOFICINA7.0_000360\BACKUP_OSOFICINA7.0_000363\
364,OS OFICINA 7.0,SUL AUTO CENTER,2024-08-20,17:41,MASTER,T:\OSOFICINA7.0\BACKUP_OSOFICINA7.0_000360\BACKUP_OSOFICINA7.0_000364\
365,OS OFICINA 7.0,SUL AUTO CENTER,2024-08-20,18:00,MASTER,C:\FPQSYS\OSOFICINA7.0\BACKUP_OSOFICINA7.0_000365\
366,OS OFICINA 7.0,SUL AUTO CENTER,2024-08-21,18:01,MASTER,T:\OSOFICINA7.0\BACKUP_OSOFICINA7.0_000360\BACKUP_OSOFICINA7.0_000366\
367,OS OFICINA 7.0,SUL AUTO CENTER,2024-08-21,18:03,MASTER,C:\FPQSYS\OSOFICINA7.0\BACKUP_OSOFICINA7.0_000367\
368,OS OFICINA 7.0,SUL AUTO CENTER,2024-08-22,18:30,MASTER,C:\FPQSYS\OSOFICINA7.0\BACKUP_OSOFICINA7.0_000368\
369,OS OFICINA 7.0,SUL AUTO CENTER,2024-08-23,11:39,MASTER,C:\FPQSYS\OSOFICINA7.0\BACKUP_OSOFICINA7.0_000369\
370,OS OFICINA 7.0,SUL AUTO CENTER,2024-08-26,18:11,MASTER,T:\OSOFICINA7.0\BACKUP_OSOFICINA7.0_000360\BACKUP_OSOFICINA7.0_000370\
371,OS OFICINA 7.0,SUL AUTO CENTER,2024-08-26,18:40,MASTER,C:\FPQSYS\OSOFICINA7.0\BACKUP_OSOFICINA7.0_000371\
372,OS OFICINA 7.0,SUL AUTO CENTER,2024-08-27,17:50,MASTER,C:\FPQSYS\OSOFICINA7.0\BACKUP_OSOFICINA7.0_000372\
373,OS OFICINA 7.0,SUL AUTO CENTER,2024-08-28,17:31,MASTER,C:\FPQSYS\OSOFICINA7.0\BACKUP_OSOFICINA7.0_000373\
374,OS OFICINA 7.0,SUL AUTO CENTER,2024-08-29,18:08,MASTER,C:\FPQSYS\OSOFICINA7.0\BACKUP_OSOFICINA7.0_000374\
375,OS OFICINA 7.0,SUL AUTO CENTER,2024-08-30,17:47,MASTER,T:\OSOFICINA7.0\BACKUP_OSOFICINA7.0_000360\BACKUP_OSOFICINA7.0_000375\
376,OS OFICINA 7.0,SUL AUTO CENTER,2024-09-02,19:02,MASTER,C:\FPQSYS\OSOFICINA7.0\BACKUP_OSOFICINA7.0_000376\
377,OS OFICINA 7.0,SUL AUTO CENTER,2024-09-03,17:52,MASTER,T:\OSOFICINA7.0\BACKUP_OSOFICINA7.0_000360\BACKUP_OSOFICINA7.0_000377\
378,OS OFICINA 7.0,SUL AUTO CENTER,2024-09-03,18:04,MASTER,C:\FPQSYS\OSOFICINA7.0\BACKUP_OSOFICINA7.0_000378\
379,OS OFICINA 7.0,SUL AUTO CENTER,2024-09-04,17:47,MASTER,T:\OSOFICINA7.0\BACKUP_OSOFICINA7.0_000360\BACKUP_OSOFICINA7.0_000379\
380,OS OFICINA 7.0,SUL AUTO CENTER,2024-09-04,17:58,MASTER,C:\FPQSYS\OSOFICINA7.0\BACKUP_OSOFICINA7.0_000380\
381,OS OFICINA 7.0,SUL AUTO CENTER,2024-09-05,17:58,MASTER,T:\OSOFICINA7.0\BACKUP_OSOFICINA7.0_000360\BACKUP_OSOFICINA7.0_000381\
382,OS OFICINA 7.0,SUL AUTO CENTER,2024-09-05,18:01,MASTER,C:\FPQSYS\OSOFICINA7.0\BACKUP_OSOFICINA7.0_000382\
383,OS OFICINA 7.0,SUL AUTO CENTER,2024-09-06,17:37,MASTER,T:\OSOFICINA7.0\BACKUP_OSOFICINA7.0_000360\BACKUP_OSOFICINA7.0_000383\
384,OS OFICINA 7.0,SUL AUTO CENTER,2024-09-06,17:54,MASTER,C:\FPQSYS\OSOFICINA7.0\BACKUP_OSOFICINA7.0_000384\
385,OS OFICINA 7.0,SUL AUTO CENTER,2024-09-09,18:46,MASTER,T:\OSOFICINA7.0\BACKUP_OSOFICINA7.0_000360\BACKUP_OSOFICINA7.0_000385\
386,OS OFICINA 7.0,SUL AUTO CENTER,2024-09-09,18:59,MASTER,C:\FPQSYS\OSOFICINA7.0\BACKUP_OSOFICINA7.0_000386\
387,OS OFICINA 7.0,SUL AUTO CENTER,2024-09-10,17:41,MASTER,C:\FPQSYS\OSOFICINA7.0\BACKUP_OSOFICINA7.0_000387\
388,OS OFICINA 7.0,SUL AUTO CENTER,2024-09-11,17:41,MASTER,C:\FPQSYS\OSOFICINA7.0\BACKUP_OSOFICINA7.0_000388\
389,OS OFICINA 7.0,SUL AUTO CENTER,2024-09-12,17:59,MASTER,C:\FPQSYS\OSOFICINA7.0\BACKUP_OSOFICINA7.0_000389\
390,OS OFICINA 7.0,SUL AUTO CENTER,2024-09-13,10:09,MASTER,C:\FPQSYS\OSOFICINA7.0\BACKUP_OSOFICINA7.0_000390\
391,OS OFICINA 7.0,SUL AUTO CENTER,2024-09-13,17:56,MASTER,C:\FPQSYS\OSOFICINA7.0\BACKUP_OSOFICINA7.0_000391\
392,OS OFICINA 7.0,SUL AUTO CENTER,2024-09-16,19:08,MASTER,C:\FPQSYS\OSOFICINA7.0\BACKUP_OSOFICINA7.0_000392\
393,OS OFICINA 7.0,SUL AUTO CENTER,2024-09-17,17:51,MASTER,C:\FPQSYS\OSOFICINA7.0\BACKUP_OSOFICINA7.0_000393\
394,OS OFICINA 7.0,SUL AUTO CENTER,2024-09-19,18:02,MASTER,C:\FPQSYS\OSOFICINA7.0\BACKUP_OSOFICINA7.0_000394\
395,OS OFICINA 7.0,SUL AUTO CENTER,2024-09-20,17:38,MASTER,C:\FPQSYS\OSOFICINA7.0\BACKUP_OSOFICINA7.0_000395\
396,OS OFICINA 7.0,SUL AUTO CENTER,2024-09-23,18:49,MASTER,C:\FPQSYS\OSOFICINA7.0\BACKUP_OSOFICINA7.0_000396\
397,OS OFICINA 7.0,SUL AUTO CENTER,2024-09-24,18:01,MASTER,C:\FPQSYS\OSOFICINA7.0\BACKUP_OSOFICINA7.0_000397\
398,OS OFICINA 7.0,SUL AUTO CENTER,2024-09-25,18:49,MASTER,C:\USERS\ADMIN\DOWNLOADS\BACKUP_OSOFICINA7.0_000398\
399,OS OFICINA 7.0,SUL AUTO CENTER,2024-09-26,08:46,MASTER,C:\USERS\ADMIN\DOWNLOADS\BACKUP_OSOFICINA7.0_000399\
400,OS OFICINA 7.0,SUL AUTO CENTER,2024-09-26,18:03,MASTER,C:\USERS\ADMIN\DOWNLOADS\BACKUP_OSOFICINA7.0_000400\
401,OS OFICINA 7.0,SUL AUTO CENTER,2024-09-26,18:06,MASTER,C:\FPQSYS\OSOFICINA7.0\BACKUP_OSOFICINA7.0_000401\
402,OS OFICINA 7.0,SUL AUTO CENTER,2024-09-30,19:11,MASTER,C:\FPQSYS\OSOFICINA7.0\BACKUP_OSOFICINA7.0_000402\
403,OS OFICINA 7.0,SUL AUTO CENTER,2024-10-01,18:40,MASTER,C:\FPQSYS\OSOFICINA7.0\BACKUP_OSOFICINA7.0_000403\
404,OS OFICINA 7.0,SUL AUTO CENTER,2024-10-02,18:02,MASTER,C:\FPQSYS\OSOFICINA7.0\BACKUP_OSOFICINA7.0_000404\
405,OS OFICINA 7.0,SUL AUTO CENTER,2024-10-03,17:54,MASTER,C:\FPQSYS\OSOFICINA7.0\BACKUP_OSOFICINA7.0_000405\
406,OS OFICINA 7.0,SUL AUTO CENTER,2024-10-04,17:50,MASTER,C:\FPQSYS\OSOFICINA7.0\BACKUP_OSOFICINA7.0_000406\
407,OS OFICINA 7.0,SUL AUTO CENTER,2024-10-07,19:12,MASTER,C:\FPQSYS\OSOFICINA7.0\BACKUP_OSOFICINA7.0_000407\
408,OS OFICINA 7.0,SUL AUTO CENTER,2024-10-08,18:00,MASTER,C:\FPQSYS\OSOFICINA7.0\BACKUP_OSOFICINA7.0_000408\
409,OS OFICINA 7.0,SUL AUTO CENTER,2024-10-09,18:01,MASTER,C:\FPQSYS\OSOFICINA7.0\BACKUP_OSOFICINA7.0_000409\
410,OS OFICINA 7.0,SUL AUTO CENTER,2024-10-10,17:55,MASTER,C:\FPQSYS\OSOFICINA7.0\BACKUP_OSOFICINA7.0_000410\
411,OS OFICINA 7.0,SUL AUTO CENTER,2024-10-11,18:00,MASTER,C:\FPQSYS\OSOFICINA7.0\BACKUP_OSOFICINA7.0_000411\
412,OS OFICINA 7.0,SUL AUTO CENTER,2024-10-14,19:14,MASTER,C:\FPQSYS\OSOFICINA7.0\BACKUP_OSOFICINA7.0_000412\
413,OS OFICINA 7.0,SUL AUTO CENTER,2024-10-15,18:19,MASTER,C:\FPQSYS\OSOFICINA7.0\BACKUP_OSOFICINA7.0_000413\
414,OS OFICINA 7.0,SUL AUTO CENTER,2024-10-16,17:49,MASTER,C:\FPQSYS\OSOFICINA7.0\BACKUP_OSOFICINA7.0_000414\
415,OS OFICINA 7.0,SUL AUTO CENTER,2024-10-17,18:14,MASTER,C:\FPQSYS\OSOFICINA7.0\BACKUP_OSOFICINA7.0_000415\
416,OS OFICINA 7.0,SUL AUTO CENTER,2024-10-18,17:57,MASTER,C:\FPQSYS\OSOFICINA7.0\BACKUP_OSOFICINA7.0_000416\
417,OS OFICINA 7.0,SUL AUTO CENTER,2024-10-21,18:00,MASTER,C:\FPQSYS\OSOFICINA7.0\BACKUP_OSOFICINA7.0_000417\
418,OS OFICINA 7.0,SUL AUTO CENTER,2024-10-22,12:49,MASTER,C:\FPQSYS\OSOFICINA7.0\BACKUP_OSOFICINA7.0_000418\
419,OS OFICINA 7.0,SUL AUTO CENTER,2024-10-22,17:57,MASTER,C:\FPQSYS\OSOFICINA7.0\BACKUP_OSOFICINA7.0_000419\
420,OS OFICINA 7.0,SUL AUTO CENTER,2024-10-23,18:03,MASTER,C:\FPQSYS\OSOFICINA7.0\BACKUP_OSOFICINA7.0_000420\
421,OS OFICINA 7.0,SUL AUTO CENTER,2024-10-25,17:57,SIMONI,C:\FPQSYS\OSOFICINA7.0\BACKUP_OSOFICINA7.0_000421\
422,OS OFICINA 7.0,SUL AUTO CENTER,2024-10-28,10:42,SIMONI,C:\FPQSYS\OSOFICINA7.0\BACKUP_OSOFICINA7.0_000422\
423,OS OFICINA 7.0,SUL AUTO CENTER,2024-10-28,18:28,SIMONI,C:\FPQSYS\OSOFICINA7.0\BACKUP_OSOFICINA7.0_000423\
424,OS OFICINA 7.0,SUL AUTO CENTER,2024-10-28,19:09,SIMONI,C:\FPQSYS\OSOFICINA7.0\BACKUP_OSOFICINA7.0_000424\
425,OS OFICINA 7.0,SUL AUTO CENTER,2024-10-29,18:12,SIMONI,C:\FPQSYS\OSOFICINA7.0\BACKUP_OSOFICINA7.0_000425\
426,OS OFICINA 7.0,SUL AUTO CENTER,2024-10-30,18:06,SIMONI,C:\FPQSYS\OSOFICINA7.0\BACKUP_OSOFICINA7.0_000426\
427,OS OFICINA 7.0,SUL AUTO CENTER,2024-10-31,18:17,SIMONI,C:\FPQSYS\OSOFICINA7.0\BACKUP_OSOFICINA7.0_000427\
428,OS OFICINA 7.0,SUL AUTO CENTER,2024-11-01,17:54,SIMONI,C:\FPQSYS\OSOFICINA7.0\BACKUP_OSOFICINA7.0_000428\
429,OS OFICINA 7.0,SUL AUTO CENTER,2024-11-04,18:40,SIMONI,C:\FPQSYS\OSOFICINA7.0\BACKUP_OSOFICINA7.0_000429\
430,OS OFICINA 7.0,SUL AUTO CENTER,2024-11-05,18:25,SIMONI,C:\FPQSYS\OSOFICINA7.0\BACKUP_OSOFICINA7.0_000430\
431,OS OFICINA 7.0,SUL AUTO CENTER,2024-11-06,17:24,SIMONI,C:\FPQSYS\OSOFICINA7.0\BACKUP_OSOFICINA7.0_000431\
432,OS OFICINA 7.0,SUL AUTO CENTER,2024-11-07,18:12,SIMONI,C:\FPQSYS\OSOFICINA7.0\BACKUP_OSOFICINA7.0_000432\
433,OS OFICINA 7.0,SUL AUTO CENTER,2024-11-08,18:14,SIMONI,C:\FPQSYS\OSOFICINA7.0\BACKUP_OSOFICINA7.0_000433\
434,OS OFICINA 7.0,SUL AUTO CENTER,2024-11-11,19:11,SIMONI,C:\FPQSYS\OSOFICINA7.0\BACKUP_OSOFICINA7.0_000434\
435,OS OFICINA 7.0,SUL AUTO CENTER,2024-11-12,18:02,SIMONI,C:\FPQSYS\OSOFICINA7.0\BACKUP_OSOFICINA7.0_000435\
436,OS OFICINA 7.0,SUL AUTO CENTER,2024-11-13,18:09,SIMONI,C:\FPQSYS\OSOFICINA7.0\BACKUP_OSOFICINA7.0_000436\
437,OS OFICINA 7.0,SUL AUTO CENTER,2024-11-14,18:17,SIMONI,C:\FPQSYS\OSOFICINA7.0\BACKUP_OSOFICINA7.0_000437\
438,OS OFICINA 7.0,SUL AUTO CENTER,2024-11-19,18:10,SIMONI,C:\FPQSYS\OSOFICINA7.0\BACKUP_OSOFICINA7.0_000438\
439,OS OFICINA 7.0,SUL AUTO CENTER,2024-11-20,18:14,SIMONI,C:\FPQSYS\OSOFICINA7.0\BACKUP_OSOFICINA7.0_000439\
440,OS OFICINA 7.0,SUL AUTO CENTER,2024-11-21,18:13,SIMONI,C:\FPQSYS\OSOFICINA7.0\BACKUP_OSOFICINA7.0_000440\
441,OS OFICINA 7.0,SUL AUTO CENTER,2024-11-22,18:07,SIMONI,C:\FPQSYS\OSOFICINA7.0\BACKUP_OSOFICINA7.0_000441\
442,OS OFICINA 7.0,SUL AUTO CENTER,2024-11-25,18:52,SIMONI,C:\FPQSYS\OSOFICINA7.0\BACKUP_OSOFICINA7.0_000442\
443,OS OFICINA 7.0,SUL AUTO CENTER,2024-11-26,17:31,SIMONI,C:\FPQSYS\OSOFICINA7.0\BACKUP_OSOFICINA7.0_000443\
444,OS OFICINA 7.0,SUL AUTO CENTER,2024-11-27,18:02,SIMONI,C:\FPQSYS\OSOFICINA7.0\BACKUP_OSOFICINA7.0_000444\
445,OS OFICINA 7.0,SUL AUTO CENTER,2024-11-28,18:45,SIMONI,C:\FPQSYS\OSOFICINA7.0\BACKUP_OSOFICINA7.0_000445\
446,OS OFICINA 7.0,SUL AUTO CENTER,2024-11-29,18:02,SIMONI,C:\FPQSYS\OSOFICINA7.0\BACKUP_OSOFICINA7.0_000446\
447,OS OFICINA 7.0,SUL AUTO CENTER,2024-12-02,19:12,SIMONI,C:\FPQSYS\OSOFICINA7.0\BACKUP_OSOFICINA7.0_000447\
448,OS OFICINA 7.0,SUL AUTO CENTER,2024-12-03,18:24,SIMONI,C:\FPQSYS\OSOFICINA7.0\BACKUP_OSOFICINA7.0_000448\
449,OS OFICINA 7.0,SUL AUTO CENTER,2024-12-04,18:36,SIMONI,C:\FPQSYS\OSOFICINA7.0\BACKUP_OSOFICINA7.0_000449\
450,OS OFICINA 7.0,SUL AUTO CENTER,2024-12-05,18:06,SIMONI,C:\FPQSYS\OSOFICINA7.0\BACKUP_OSOFICINA7.0_000450\
451,OS OFICINA 7.0,SUL AUTO CENTER,2024-12-06,18:11,SIMONI,C:\FPQSYS\OSOFICINA7.0\BACKUP_OSOFICINA7.0_000451\
452,OS OFICINA 7.0,SUL AUTO CENTER,2024-12-09,19:15,SIMONI,C:\FPQSYS\OSOFICINA7.0\BACKUP_OSOFICINA7.0_000452\
453,OS OFICINA 7.0,SUL AUTO CENTER,2024-12-11,15:40,SIMONI,C:\FPQSYS\OSOFICINA7.0\BACKUP_OSOFICINA7.0_000453\
454,OS OFICINA 7.0,SUL AUTO CENTER,2024-12-11,18:09,SIMONI,C:\FPQSYS\OSOFICINA7.0\BACKUP_OSOFICINA7.0_000454\
455,OS OFICINA 7.0,SUL AUTO CENTER,2024-12-13,17:39,SIMONI,C:\FPQSYS\OSOFICINA7.0\BACKUP_OSOFICINA7.0_000455\
456,OS OFICINA 7.0,SUL AUTO CENTER,2024-12-16,15:57,SIMONI,C:\FPQSYS\OSOFICINA7.0\BACKUP_OSOFICINA7.0_000456\
457,OS OFICINA 7.0,SUL AUTO CENTER,2024-12-16,17:03,SIMONI,C:\FPQSYS\OSOFICINA7.0\BACKUP_OSOFICINA7.0_000457\
458,OS OFICINA 7.0,SUL AUTO CENTER,2024-12-17,18:10,SIMONI,C:\FPQSYS\OSOFICINA7.0\BACKUP_OSOFICINA7.0_000458\
459,OS OFICINA 7.0,SUL AUTO CENTER,2024-12-18,16:32,SIMONI,C:\FPQSYS\OSOFICINA7.0\BACKUP_OSOFICINA7.0_000459\
460,OS OFICINA 7.0,SUL AUTO CENTER,2024-12-19,18:00,SIMONI,C:\FPQSYS\OSOFICINA7.0\BACKUP_OSOFICINA7.0_000460\
461,OS OFICINA 7.0,SUL AUTO CENTER,2024-12-20,19:38,SIMONI,C:\FPQSYS\OSOFICINA7.0\BACKUP_OSOFICINA7.0_000461\
462,OS OFICINA 7.0,SUL AUTO CENTER,2025-01-06,19:12,SIMONI,C:\FPQSYS\OSOFICINA7.0\BACKUP_OSOFICINA7.0_000462\
463,OS OFICINA 7.0,SUL AUTO CENTER,2025-01-07,15:35,SIMONI,C:\FPQSYS\OSOFICINA7.0\BACKUP_OSOFICINA7.0_000463\
464,OS OFICINA 7.0,SUL AUTO CENTER,2025-01-07,18:05,SIMONI,C:\FPQSYS\OSOFICINA7.0\BACKUP_OSOFICINA7.0_000464\
465,OS OFICINA 7.0,SUL AUTO CENTER,2025-01-08,18:13,SIMONI,C:\FPQSYS\OSOFICINA7.0\BACKUP_OSOFICINA7.0_000465\
466,OS OFICINA 7.0,SUL AUTO CENTER,2025-01-09,17:58,SIMONI,C:\FPQSYS\OSOFICINA7.0\BACKUP_OSOFICINA7.0_000466\
467,OS OFICINA 7.0,SUL AUTO CENTER,2025-01-10,19:01,SIMONI,C:\FPQSYS\OSOFICINA7.0\BACKUP_OSOFICINA7.0_000467\
468,OS OFICINA 7.0,SUL AUTO CENTER,2025-01-13,19:03,SIMONI,C:\FPQSYS\OSOFICINA7.0\BACKUP_OSOFICINA7.0_000468\
469,OS OFICINA 7.0,SUL AUTO CENTER,2025-01-14,18:07,SIMONI,C:\FPQSYS\OSOFICINA7.0\BACKUP_OSOFICINA7.0_000469\
470,OS OFICINA 7.0,SUL AUTO CENTER,2025-01-15,17:59,SIMONI,C:\FPQSYS\OSOFICINA7.0\BACKUP_OSOFICINA7.0_000470\
471,OS OFICINA 7.0,SUL AUTO CENTER,2025-01-16,17:56,SIMONI,C:\FPQSYS\OSOFICINA7.0\BACKUP_OSOFICINA7.0_000471\
472,OS OFICINA 7.0,SUL AUTO CENTER,2025-01-17,18:48,SIMONI,C:\FPQSYS\OSOFICINA7.0\BACKUP_OSOFICINA7.0_000472\
473,OS OFICINA 7.0,SUL AUTO CENTER,2025-01-27,19:14,SIMONI,C:\FPQSYS\OSOFICINA7.0\BACKUP_OSOFICINA7.0_000473\
474,OS OFICINA 7.0,SUL AUTO CENTER,2025-01-29,18:02,SIMONI,C:\FPQSYS\OSOFICINA7.0\BACKUP_OSOFICINA7.0_000474\
475,OS OFICINA 7.0,SUL AUTO CENTER,2025-01-29,19:12,SIMONI,C:\FPQSYS\OSOFICINA7.0\BACKUP_OSOFICINA7.0_000475\
476,OS OFICINA 7.0,SUL AUTO CENTER,2025-01-30,18:13,SIMONI,C:\FPQSYS\OSOFICINA7.0\BACKUP_OSOFICINA7.0_000476\
477,OS OFICINA 7.0,SUL AUTO CENTER,2025-01-31,18:37,SIMONI,C:\FPQSYS\OSOFICINA7.0\BACKUP_OSOFICINA7.0_000477\
478,OS OFICINA 7.0,SUL AUTO CENTER,2025-02-03,18:09,SIMONI,C:\FPQSYS\OSOFICINA7.0\BACKUP_OSOFICINA7.0_000478\
479,OS OFICINA 7.0,SUL AUTO CENTER,2025-02-04,18:00,SIMONI,C:\FPQSYS\OSOFICINA7.0\BACKUP_OSOFICINA7.0_000479\
480,OS OFICINA 7.0,SUL AUTO CENTER,2025-02-05,18:53,SIMONI,C:\FPQSYS\OSOFICINA7.0\BACKUP_OSOFICINA7.0_000480\
481,OS OFICINA 7.0,SUL AUTO CENTER,2025-02-06,18:07,SIMONI,C:\FPQSYS\OSOFICINA7.0\BACKUP_OSOFICINA7.0_000481\
482,OS OFICINA 7.0,SUL AUTO CENTER,2025-02-07,18:48,SIMONI,C:\FPQSYS\OSOFICINA7.0\BACKUP_OSOFICINA7.0_000482\
483,OS OFICINA 7.0,SUL AUTO CENTER,2025-02-10,19:13,SIMONI,C:\FPQSYS\OSOFICINA7.0\BACKUP_OSOFICINA7.0_000483\
484,OS OFICINA 7.0,SUL AUTO CENTER,2025-02-11,18:05,SIMONI,C:\FPQSYS\OSOFICINA7.0\BACKUP_OSOFICINA7.0_000484\
485,OS OFICINA 7.0,SUL AUTO CENTER,2025-02-12,18:20,SIMONI,C:\FPQSYS\OSOFICINA7.0\BACKUP_OSOFICINA7.0_000485\
486,OS OFICINA 7.0,SUL AUTO CENTER,2025-02-13,18:06,SIMONI,C:\FPQSYS\OSOFICINA7.0\BACKUP_OSOFICINA7.0_000486\
487,OS OFICINA 7.0,SUL AUTO CENTER,2025-02-14,18:21,SIMONI,C:\FPQSYS\OSOFICINA7.0\BACKUP_OSOFICINA7.0_000487\
488,OS OFICINA 7.0,SUL AUTO CENTER,2025-02-17,18:41,SIMONI,C:\FPQSYS\OSOFICINA7.0\BACKUP_OSOFICINA7.0_000488\
489,OS OFICINA 7.0,SUL AUTO CENTER,2025-02-18,18:13,SIMONI,C:\FPQSYS\OSOFICINA7.0\BACKUP_OSOFICINA7.0_000489\
490,OS OFICINA 7.0,SUL AUTO CENTER,2025-02-20,18:15,SIMONI,C:\FPQSYS\OSOFICINA7.0\BACKUP_OSOFICINA7.0_000490\
491,OS OFICINA 7.0,SUL AUTO CENTER,2025-02-21,18:28,SIMONI,C:\FPQSYS\OSOFICINA7.0\BACKUP_OSOFICINA7.0_000491\
492,OS OFICINA 7.0,SUL AUTO CENTER,2025-02-24,19:22,SIMONI,C:\FPQSYS\OSOFICINA7.0\BACKUP_OSOFICINA7.0_000492\
493,OS OFICINA 7.0,SUL AUTO CENTER,2025-02-25,18:03,SIMONI,C:\FPQSYS\OSOFICINA7.0\BACKUP_OSOFICINA7.0_000493\
494,OS OFICINA 7.0,SUL AUTO CENTER,2025-02-26,18:12,SIMONI,C:\FPQSYS\OSOFICINA7.0\BACKUP_OSOFICINA7.0_000494\
495,OS OFICINA 7.0,SUL AUTO CENTER,2025-02-27,18:05,SIMONI,C:\FPQSYS\OSOFICINA7.0\BACKUP_OSOFICINA7.0_000495\
496,OS OFICINA 7.0,SUL AUTO CENTER,2025-02-28,18:24,SIMONI,C:\FPQSYS\OSOFICINA7.0\BACKUP_OSOFICINA7.0_000496\
497,OS OFICINA 7.0,SUL AUTO CENTER,2025-03-04,18:21,SIMONI,C:\FPQSYS\OSOFICINA7.0\BACKUP_OSOFICINA7.0_000497\
498,OS OFICINA 7.0,SUL AUTO CENTER,2025-03-05,18:11,SIMONI,C:\FPQSYS\OSOFICINA7.0\BACKUP_OSOFICINA7.0_000498\
499,OS OFICINA 7.0,SUL AUTO CENTER,2025-03-06,18:06,SIMONI,C:\FPQSYS\OSOFICINA7.0\BACKUP_OSOFICINA7.0_000499\
500,OS OFICINA 7.0,SUL AUTO CENTER,2025-03-07,18:06,SIMONI,C:\FPQSYS\OSOFICINA7.0\BACKUP_OSOFICINA7.0_000500\
501,OS OFICINA 7.0,SUL AUTO CENTER,2025-03-10,19:15,SIMONI,C:\FPQSYS\OSOFICINA7.0\BACKUP_OSOFICINA7.0_000501\
502,OS OFICINA 7.0,SUL AUTO CENTER,2025-03-11,18:06,SIMONI,C:\FPQSYS\OSOFICINA7.0\BACKUP_OSOFICINA7.0_000502\
503,OS OFICINA 7.0,SUL AUTO CENTER,2025-03-12,16:28,SIMONI,C:\FPQSYS\OSOFICINA7.0\BACKUP_OSOFICINA7.0_000503\
504,OS OFICINA 7.0,SUL AUTO CENTER,2025-03-13,18:30,SIMONI,C:\FPQSYS\OSOFICINA7.0\BACKUP_OSOFICINA7.0_000504\
505,OS OFICINA 7.0,SUL AUTO CENTER,2025-03-14,18:09,SIMONI,C:\FPQSYS\OSOFICINA7.0\BACKUP_OSOFICINA7.0_000505\
506,OS OFICINA 7.0,SUL AUTO CENTER,2025-03-17,16:58,SIMONI,C:\FPQSYS\OSOFICINA7.0\BACKUP_OSOFICINA7.0_000506\
507,OS OFICINA 7.0,SUL AUTO CENTER,2025-03-18,18:10,SIMONI,C:\FPQSYS\OSOFICINA7.0\BACKUP_OSOFICINA7.0_000507\
508,OS OFICINA 7.0,SUL AUTO CENTER,2025-03-20,18:10,SIMONI,C:\FPQSYS\OSOFICINA7.0\BACKUP_OSOFICINA7.0_000508\
509,OS OFICINA 7.0,SUL AUTO CENTER,2025-03-21,17:41,SIMONI,C:\FPQSYS\OSOFICINA7.0\BACKUP_OSOFICINA7.0_000509\
510,OS OFICINA 7.0,SUL AUTO CENTER,2025-03-24,16:57,SIMONI,C:\FPQSYS\OSOFICINA7.0\BACKUP_OSOFICINA7.0_000510\
511,OS OFICINA 7.0,SUL AUTO CENTER,2025-03-25,18:08,SIMONI,C:\FPQSYS\OSOFICINA7.0\BACKUP_OSOFICINA7.0_000511\
512,OS OFICINA 7.0,SUL AUTO CENTER,2025-03-26,18:07,SIMONI,C:\FPQSYS\OSOFICINA7.0\BACKUP_OSOFICINA7.0_000512\
513,OS OFICINA 7.0,SUL AUTO CENTER,2025-03-27,18:06,SIMONI,C:\FPQSYS\OSOFICINA7.0\BACKUP_OSOFICINA7.0_000513\
514,OS OFICINA 7.0,SUL AUTO CENTER,2025-03-28,17:41,SIMONI,C:\FPQSYS\OSOFICINA7.0\BACKUP_OSOFICINA7.0_000514\
515,OS OFICINA 7.0,SUL AUTO CENTER,2025-03-31,16:38,SIMONI,C:\FPQSYS\OSOFICINA7.0\BACKUP_OSOFICINA7.0_000515\
516,OS OFICINA 7.0,SUL AUTO CENTER,2025-04-01,18:12,SIMONI,C:\FPQSYS\OSOFICINA7.0\BACKUP_OSOFICINA7.0_000516\
517,OS OFICINA 7.0,SUL AUTO CENTER,2025-04-02,16:44,SIMONI,C:\FPQSYS\OSOFICINA7.0\BACKUP_OSOFICINA7.0_000517\
518,OS OFICINA 7.0,SUL AUTO CENTER,2025-04-03,18:11,SIMONI,C:\FPQSYS\OSOFICINA7.0\BACKUP_OSOFICINA7.0_000518\
519,OS OFICINA 7.0,SUL AUTO CENTER,2025-04-04,18:31,SIMONI,C:\FPQSYS\OSOFICINA7.0\BACKUP_OSOFICINA7.0_000519\
520,OS OFICINA 7.0,SUL AUTO CENTER,2025-04-07,18:45,SIMONI,C:\FPQSYS\OSOFICINA7.0\BACKUP_OSOFICINA7.0_000520\
521,OS OFICINA 7.0,SUL AUTO CENTER,2025-04-08,18:08,CESAR,C:\USERS\SUL AUTO CENTER\DOCUMENTS\BACKUP_OSOFICINA7.0_000521\
522,OS OFICINA 7.0,SUL AUTO CENTER,2025-04-08,18:09,SIMONI,C:\FPQSYS\OSOFICINA7.0\BACKUP_OSOFICINA7.0_000522\
523,OS OFICINA 7.0,SUL AUTO CENTER,2025-04-09,18:04,SIMONI,C:\FPQSYS\OSOFICINA7.0\BACKUP_OSOFICINA7.0_000523\
524,OS OFICINA 7.0,SUL AUTO CENTER,2025-04-10,18:09,SIMONI,C:\FPQSYS\OSOFICINA7.0\BACKUP_OSOFICINA7.0_000524\
525,OS OFICINA 7.0,SUL AUTO CENTER,2025-04-11,17:59,SIMONI,C:\FPQSYS\OSOFICINA7.0\BACKUP_OSOFICINA7.0_000525\
526,OS OFICINA 7.0,SUL AUTO CENTER,2025-04-14,18:13,SIMONI,C:\FPQSYS\OSOFICINA7.0\BACKUP_OSOFICINA7.0_000526\
527,OS OFICINA 7.0,SUL AUTO CENTER,2025-04-15,18:16,SIMONI,C:\FPQSYS\OSOFICINA7.0\BACKUP_OSOFICINA7.0_000527\
528,OS OFICINA 7.0,SUL AUTO CENTER,2025-04-16,18:02,SIMONI,C:\FPQSYS\OSOFICINA7.0\BACKUP_OSOFICINA7.0_000528\
529,OS OFICINA 7.0,SUL AUTO CENTER,2025-04-17,18:06,SIMONI,C:\FPQSYS\OSOFICINA7.0\BACKUP_OSOFICINA7.0_000529\
530,OS OFICINA 7.0,SUL AUTO CENTER,2025-04-17,18:26,SIMONI,C:\FPQSYS\OSOFICINA7.0\BACKUP_OSOFICINA7.0_000530\
531,OS OFICINA 7.0,SUL AUTO CENTER,2025-04-22,18:07,SIMONI,C:\FPQSYS\OSOFICINA7.0\BACKUP_OSOFICINA7.0_000531\
532,OS OFICINA 7.0,SUL AUTO CENTER,2025-04-23,18:11,SIMONI,C:\FPQSYS\OSOFICINA7.0\BACKUP_OSOFICINA7.0_000532\
533,OS OFICINA 7.0,SUL AUTO CENTER,2025-04-24,18:29,SIMONI,C:\FPQSYS\OSOFICINA7.0\BACKUP_OSOFICINA7.0_000533\
534,OS OFICINA 7.0,SUL AUTO CENTER,2025-04-25,12:08,SIMONI,C:\FPQSYS\OSOFICINA7.0\BACKUP_OSOFICINA7.0_000534\
535,OS OFICINA 7.0,SUL AUTO CENTER,2025-04-28,19:12,SIMONI,C:\USERS\ADMIN\DOWNLOADS\BACKUP_OSOFICINA7.0_000535\
536,OS OFICINA 7.0,SUL AUTO CENTER,2025-04-29,18:16,SIMONI,C:\USERS\ADMIN\DOWNLOADS\BACKUP_OSOFICINA7.0_000536\
537,OS OFICINA 7.0,SUL AUTO CENTER,2025-05-02,18:00,SIMONI,C:\USERS\ADMIN\DOWNLOADS\BACKUP_OSOFICINA7.0_000537\
538,OS OFICINA 7.0,SUL AUTO CENTER,2025-05-05,18:05,SIMONI,C:\USERS\ADMIN\DOWNLOADS\BACKUP_OSOFICINA7.0_000538\
539,OS OFICINA 7.0,SUL AUTO CENTER,2025-05-06,18:20,SIMONI,C:\USERS\ADMIN\DOWNLOADS\BACKUP_OSOFICINA7.0_000539\
540,OS OFICINA 7.0,SUL AUTO CENTER,2025-05-07,19:41,SIMONI,C:\USERS\ADMIN\DOWNLOADS\BACKUP_OSOFICINA7.0_000540\
541,OS OFICINA 7.0,SUL AUTO CENTER,2025-05-08,18:35,SIMONI,C:\USERS\ADMIN\DOWNLOADS\BACKUP_OSOFICINA7.0_000541\
542,OS OFICINA 7.0,SUL AUTO CENTER,2025-05-09,18:23,SIMONI,C:\USERS\ADMIN\DOWNLOADS\BACKUP_OSOFICINA7.0_000542\
543,OS OFICINA 7.0,SUL AUTO CENTER,2025-05-12,19:16,SIMONI,C:\USERS\ADMIN\DOWNLOADS\BACKUP_OSOFICINA7.0_000543\
544,OS OFICINA 7.0,SUL AUTO CENTER,2025-05-13,18:15,SIMONI,C:\USERS\ADMIN\DOWNLOADS\BACKUP_OSOFICINA7.0_000544\
545,OS OFICINA 7.0,SUL AUTO CENTER,2025-05-15,18:20,SIMONI,C:\FPQSYS\OSOFICINA7.0\BACKUP_OSOFICINA7.0_000545\
546,OS OFICINA 7.0,SUL AUTO CENTER,2025-05-16,18:11,SIMONI,C:\FPQSYS\OSOFICINA7.0\BACKUP_OSOFICINA7.0_000546\
547,OS OFICINA 7.0,SUL AUTO CENTER,2025-05-19,18:17,SIMONI,C:\FPQSYS\OSOFICINA7.0\BACKUP_OSOFICINA7.0_000547\
548,OS OFICINA 7.0,SUL AUTO CENTER,2025-05-20,18:03,SIMONI,C:\FPQSYS\OSOFICINA7.0\BACKUP_OSOFICINA7.0_000548\
549,OS OFICINA 7.0,SUL AUTO CENTER,2025-05-21,18:28,SIMONI,C:\FPQSYS\OSOFICINA7.0\BACKUP_OSOFICINA7.0_000549\
550,OS OFICINA 7.0,SUL AUTO CENTER,2025-05-22,16:52,SIMONI,C:\FPQSYS\OSOFICINA7.0\BACKUP_OSOFICINA7.0_000550\
551,OS OFICINA 7.0,SUL AUTO CENTER,2025-05-23,18:22,SIMONI,C:\FPQSYS\OSOFICINA7.0\BACKUP_OSOFICINA7.0_000551\
552,OS OFICINA 7.0,SUL AUTO CENTER,2025-05-26,18:55,SIMONI,C:\FPQSYS\OSOFICINA7.0\BACKUP_OSOFICINA7.0_000552\
553,OS OFICINA 7.0,SUL AUTO CENTER,2025-05-27,18:09,SIMONI,C:\FPQSYS\OSOFICINA7.0\BACKUP_OSOFICINA7.0_000553\
554,OS OFICINA 7.0,SUL AUTO CENTER,2025-05-29,18:24,SIMONI,C:\FPQSYS\OSOFICINA7.0\BACKUP_OSOFICINA7.0_000554\
555,OS OFICINA 7.0,SUL AUTO CENTER,2025-05-30,18:38,SIMONI,C:\FPQSYS\OSOFICINA7.0\BACKUP_OSOFICINA7.0_000555\
556,OS OFICINA 7.0,SUL AUTO CENTER,2025-06-03,18:06,SIMONI,C:\FPQSYS\OSOFICINA7.0\BACKUP_OSOFICINA7.0_000556\
557,OS OFICINA 7.0,SUL AUTO CENTER,2025-06-04,18:05,SIMONI,C:\FPQSYS\OSOFICINA7.0\BACKUP_OSOFICINA7.0_000557\
558,OS OFICINA 7.0,SUL AUTO CENTER,2025-06-05,17:37,SIMONI,C:\FPQSYS\OSOFICINA7.0\BACKUP_OSOFICINA7.0_000558\
559,OS OFICINA 7.0,SUL AUTO CENTER,2025-06-06,18:03,SIMONI,C:\FPQSYS\OSOFICINA7.0\BACKUP_OSOFICINA7.0_000559\
560,OS OFICINA 7.0,SUL AUTO CENTER,2025-06-09,18:16,SIMONI,C:\FPQSYS\OSOFICINA7.0\BACKUP_OSOFICINA7.0_000560\
561,OS OFICINA 7.0,SUL AUTO CENTER,2025-06-10,18:05,SIMONI,C:\FPQSYS\OSOFICINA7.0\BACKUP_OSOFICINA7.0_000561\
562,OS OFICINA 7.0,SUL AUTO CENTER,2025-06-11,18:03,SIMONI,C:\FPQSYS\OSOFICINA7.0\BACKUP_OSOFICINA7.0_000562\
563,OS OFICINA 7.0,SUL AUTO CENTER,2025-06-12,11:05,SIMONI,C:\FPQSYS\OSOFICINA7.0\BACKUP_OSOFICINA7.0_000563\
564,OS OFICINA 7.0,SUL AUTO CENTER,2025-06-13,18:00,SIMONI,C:\FPQSYS\OSOFICINA7.0\BACKUP_OSOFICINA7.0_000564\
565,OS OFICINA 7.0,SUL AUTO CENTER,2025-06-16,18:01,SIMONI,C:\FPQSYS\OSOFICINA7.0\BACKUP_OSOFICINA7.0_000565\
566,OS OFICINA 7.0,SUL AUTO CENTER,2025-06-17,18:05,SIMONI,C:\FPQSYS\OSOFICINA7.0\BACKUP_OSOFICINA7.0_000566\
567,OS OFICINA 7.0,SUL AUTO CENTER,2025-06-18,09:37,SIMONI,C:\FPQSYS\OSOFICINA7.0\BACKUP_OSOFICINA7.0_000567\
568,OS OFICINA 7.0,SUL AUTO CENTER,2025-06-18,18:50,SIMONI,C:\FPQSYS\OSOFICINA7.0\BACKUP_OSOFICINA7.0_000568\
569,OS OFICINA 7.0,SUL AUTO CENTER,2025-06-23,18:20,SIMONI,C:\FPQSYS\OSOFICINA7.0\BACKUP_OSOFICINA7.0_000569\
570,OS OFICINA 7.0,SUL AUTO CENTER,2025-06-24,18:04,SIMONI,C:\FPQSYS\OSOFICINA7.0\BACKUP_OSOFICINA7.0_000570\
571,OS OFICINA 7.0,SUL AUTO CENTER,2025-06-25,18:26,SIMONI,C:\FPQSYS\OSOFICINA7.0\BACKUP_OSOFICINA7.0_000571\
572,OS OFICINA 7.0,SUL AUTO CENTER,2025-06-26,15:52,SIMONI,C:\FPQSYS\OSOFICINA7.0\BACKUP_OSOFICINA7.0_000572\
573,OS OFICINA 7.0,SUL AUTO CENTER,2025-06-26,17:33,SIMONI,C:\FPQSYS\OSOFICINA7.0\BACKUP_OSOFICINA7.0_000573\
574,OS OFICINA 7.0,SUL AUTO CENTER,2025-06-27,18:12,SIMONI,C:\FPQSYS\OSOFICINA7.0\BACKUP_OSOFICINA7.0_000574\
575,OS OFICINA 7.0,SUL AUTO CENTER,2025-06-30,19:09,SIMONI,C:\FPQSYS\OSOFICINA7.0\BACKUP_OSOFICINA7.0_000575\
576,OS OFICINA 7.0,SUL AUTO CENTER,2025-07-01,18:13,SIMONI,C:\FPQSYS\OSOFICINA7.0\BACKUP_OSOFICINA7.0_000576\
577,OS OFICINA 7.0,SUL AUTO CENTER,2025-07-02,19:08,SIMONI,C:\FPQSYS\OSOFICINA7.0\BACKUP_OSOFICINA7.0_000577\
578,OS OFICINA 7.0,SUL AUTO CENTER,2025-07-03,18:34,SIMONI,C:\FPQSYS\OSOFICINA7.0\BACKUP_OSOFICINA7.0_000578\
579,OS OFICINA 7.0,SUL AUTO CENTER,2025-07-04,18:30,SIMONI,C:\FPQSYS\OSOFICINA7.0\BACKUP_OSOFICINA7.0_000579\
580,OS OFICINA 7.0,SUL AUTO CENTER,2025-07-07,19:06,SIMONI,C:\FPQSYS\OSOFICINA7.0\BACKUP_OSOFICINA7.0_000580\
581,OS OFICINA 7.0,SUL AUTO CENTER,2025-07-08,18:19,SIMONI,C:\FPQSYS\OSOFICINA7.0\BACKUP_OSOFICINA7.0_000581\
582,OS OFICINA 7.0,SUL AUTO CENTER,2025-07-09,18:11,SIMONI,C:\FPQSYS\OSOFICINA7.0\BACKUP_OSOFICINA7.0_000582\
583,OS OFICINA 7.0,SUL AUTO CENTER,2025-07-10,17:57,SIMONI,C:\FPQSYS\OSOFICINA7.0\BACKUP_OSOFICINA7.0_000583\
584,OS OFICINA 7.0,SUL AUTO CENTER,2025-07-11,18:12,SIMONI,C:\FPQSYS\OSOFICINA7.0\BACKUP_OSOFICINA7.0_000584\
585,OS OFICINA 7.0,SUL AUTO CENTER,2025-07-14,18:06,SIMONI,C:\FPQSYS\OSOFICINA7.0\BACKUP_OSOFICINA7.0_000585\
586,OS OFICINA 7.0,SUL AUTO CENTER,2025-07-15,18:09,SIMONI,C:\FPQSYS\OSOFICINA7.0\BACKUP_OSOFICINA7.0_000586\
587,OS OFICINA 7.0,SUL AUTO CENTER,2025-07-16,18:03,SIMONI,C:\FPQSYS\OSOFICINA7.0\BACKUP_OSOFICINA7.0_000587\
588,OS OFICINA 7.0,SUL AUTO CENTER,2025-07-17,18:43,SIMONI,C:\FPQSYS\OSOFICINA7.0\BACKUP_OSOFICINA7.0_000588\
589,OS OFICINA 7.0,SUL AUTO CENTER,2025-07-18,18:22,SIMONI,C:\FPQSYS\OSOFICINA7.0\BACKUP_OSOFICINA7.0_000589\
590,OS OFICINA 7.0,SUL AUTO CENTER,2025-07-21,18:10,SIMONI,C:\FPQSYS\OSOFICINA7.0\BACKUP_OSOFICINA7.0_000590\
591,OS OFICINA 7.0,SUL AUTO CENTER,2025-07-22,18:18,SIMONI,C:\FPQSYS\OSOFICINA7.0\BACKUP_OSOFICINA7.0_000591\
592,OS OFICINA 7.0,SUL AUTO CENTER,2025-07-24,18:01,SIMONI,C:\FPQSYS\OSOFICINA7.0\BACKUP_OSOFICINA7.0_000592\
593,OS OFICINA 7.0,SUL AUTO CENTER,2025-07-25,11:36,SIMONI,C:\FPQSYS\OSOFICINA7.0\BACKUP_OSOFICINA7.0_000593\
594,OS OFICINA 7.0,SUL AUTO CENTER,2025-07-28,18:51,SIMONI,C:\FPQSYS\OSOFICINA7.0\BACKUP_OSOFICINA7.0_000594\
595,OS OFICINA 7.0,SUL AUTO CENTER,2025-07-29,18:04,SIMONI,C:\FPQSYS\OSOFICINA7.0\BACKUP_OSOFICINA7.0_000595\
596,OS OFICINA 7.0,SUL AUTO CENTER,2025-07-30,18:33,SIMONI,C:\FPQSYS\OSOFICINA7.0\BACKUP_OSOFICINA7.0_000596\
597,OS OFICINA 7.0,SUL AUTO CENTER,2025-07-31,18:18,CESAR,C:\USERS\SUL AUTO CENTER\DOCUMENTS\BACKUP_OSOFICINA7.0_000597\
598,OS OFICINA 7.0,SUL AUTO CENTER,2025-07-31,18:21,SIMONI,C:\FPQSYS\OSOFICINA7.0\BACKUP_OSOFICINA7.0_000598\
599,OS OFICINA 7.0,SUL AUTO CENTER,2025-08-04,18:03,SIMONI,C:\USERS\SUL AUTO CENTER\DOCUMENTS\BACKUP_OSOFICINA7.0_000599\
600,OS OFICINA 7.0,SUL AUTO CENTER,2025-08-04,18:09,SIMONI,C:\FPQSYS\OSOFICINA7.0\BACKUP_OSOFICINA7.0_000600\
601,OS OFICINA 7.0,SUL AUTO CENTER,2025-08-05,16:29,SIMONI,C:\FPQSYS\OSOFICINA7.0\BACKUP_OSOFICINA7.0_000601\
602,OS OFICINA 7.0,SUL AUTO CENTER,2025-08-05,18:39,SIMONI,C:\FPQSYS\OSOFICINA7.0\BACKUP_OSOFICINA7.0_000602\
603,OS OFICINA 7.0,SUL AUTO CENTER,2025-08-06,18:47,SIMONI,C:\FPQSYS\OSOFICINA7.0\BACKUP_OSOFICINA7.0_000603\
604,OS OFICINA 7.0,SUL AUTO CENTER,2025-08-08,18:52,SIMONI,C:\FPQSYS\OSOFICINA7.0\BACKUP_OSOFICINA7.0_000604\
605,OS OFICINA 7.0,SUL AUTO CENTER,2025-08-11,18:05,SIMONI,C:\FPQSYS\OSOFICINA7.0\BACKUP_OSOFICINA7.0_000605\
606,OS OFICINA 7.0,SUL AUTO CENTER,2025-08-12,18:17,SIMONI,C:\FPQSYS\OSOFICINA7.0\BACKUP_OSOFICINA7.0_000606\
607,OS OFICINA 7.0,SUL AUTO CENTER,2025-08-13,19:27,SIMONI,C:\FPQSYS\OSOFICINA7.0\BACKUP_OSOFICINA7.0_000607\
608,OS OFICINA 7.0,SUL AUTO CENTER,2025-08-14,18:02,SIMONI,C:\FPQSYS\OSOFICINA7.0\BACKUP_OSOFICINA7.0_000608\
609,OS OFICINA 7.0,SUL AUTO CENTER,2025-08-15,18:28,SIMONI,C:\FPQSYS\OSOFICINA7.0\BACKUP_OSOFICINA7.0_000609\
610,OS OFICINA 7.0,SUL AUTO CENTER,2025-08-18,19:09,SIMONI,C:\FPQSYS\OSOFICINA7.0\BACKUP_OSOFICINA7.0_000610\
611,OS OFICINA 7.0,SUL AUTO CENTER,2025-08-19,18:25,SIMONI,C:\FPQSYS\OSOFICINA7.0\BACKUP_OSOFICINA7.0_000611\
612,OS OFICINA 7.0,SUL AUTO CENTER,2025-08-20,19:12,SIMONI,C:\FPQSYS\OSOFICINA7.0\BACKUP_OSOFICINA7.0_000612\
613,OS OFICINA 7.0,SUL AUTO CENTER,2025-08-21,18:14,SIMONI,C:\FPQSYS\OSOFICINA7.0\BACKUP_OSOFICINA7.0_000613\
614,OS OFICINA 7.0,SUL AUTO CENTER,2025-08-22,18:00,SIMONI,C:\FPQSYS\OSOFICINA7.0\BACKUP_OSOFICINA7.0_000614\
615,OS OFICINA 7.0,SUL AUTO CENTER,2025-08-25,19:20,SIMONI,C:\FPQSYS\OSOFICINA7.0\BACKUP_OSOFICINA7.0_000615\
616,OS OFICINA 7.0,SUL AUTO CENTER,2025-08-26,18:04,SIMONI,C:\FPQSYS\OSOFICINA7.0\BACKUP_OSOFICINA7.0_000616\
617,OS OFICINA 7.0,SUL AUTO CENTER,2025-08-27,17:46,SIMONI,C:\FPQSYS\OSOFICINA7.0\BACKUP_OSOFICINA7.0_000617\
618,OS OFICINA 7.0,SUL AUTO CENTER,2025-08-28,16:58,SIMONI,C:\FPQSYS\OSOFICINA7.0\BACKUP_OSOFICINA7.0_000618\
619,OS OFICINA 7.0,SUL AUTO CENTER,2025-08-29,17:53,SIMONI,C:\FPQSYS\OSOFICINA7.0\BACKUP_OSOFICINA7.0_000619\
620,OS OFICINA 7.0,SUL AUTO CENTER,2025-09-01,18:49,SIMONI,C:\FPQSYS\OSOFICINA7.0\BACKUP_OSOFICINA7.0_000620\
621,OS OFICINA 7.0,SUL AUTO CENTER,2025-09-02,18:38,SIMONI,C:\FPQSYS\OSOFICINA7.0\BACKUP_OSOFICINA7.0_000621\
622,OS OFICINA 7.0,SUL AUTO CENTER,2025-09-03,18:34,SIMONI,C:\FPQSYS\OSOFICINA7.0\BACKUP_OSOFICINA7.0_000622\
623,OS OFICINA 7.0,SUL AUTO CENTER,2025-09-04,18:04,SIMONI,C:\FPQSYS\OSOFICINA7.0\BACKUP_OSOFICINA7.0_000623\
624,OS OFICINA 7.0,SUL AUTO CENTER,2025-09-05,18:33,SIMONI,C:\FPQSYS\OSOFICINA7.0\BACKUP_OSOFICINA7.0_000624\
625,OS OFICINA 7.0,SUL AUTO CENTER,2025-09-08,19:07,SIMONI,C:\FPQSYS\OSOFICINA7.0\BACKUP_OSOFICINA7.0_000625\
626,OS OFICINA 7.0,SUL AUTO CENTER,2025-09-09,18:03,SIMONI,C:\FPQSYS\OSOFICINA7.0\BACKUP_OSOFICINA7.0_000626\
627,OS OFICINA 7.0,SUL AUTO CENTER,2025-09-10,18:24,SIMONI,C:\FPQSYS\OSOFICINA7.0\BACKUP_OSOFICINA7.0_000627\
628,OS OFICINA 7.0,SUL AUTO CENTER,2025-09-11,18:07,SIMONI,C:\FPQSYS\OSOFICINA7.0\BACKUP_OSOFICINA7.0_000628\
629,OS OFICINA 7.0,SUL AUTO CENTER,2025-09-15,18:30,SIMONI,C:\FPQSYS\OSOFICINA7.0\BACKUP_OSOFICINA7.0_000629\
630,OS OFICINA 7.0,SUL AUTO CENTER,2025-09-16,15:49,SIMONI,C:\FPQSYS\OSOFICINA7.0\BACKUP_OSOFICINA7.0_000630\
631,OS OFICINA 7.0,SUL AUTO CENTER,2025-09-17,17:26,SIMONI,C:\FPQSYS\OSOFICINA7.0\BACKUP_OSOFICINA7.0_000631\
632,OS OFICINA 7.0,SUL AUTO CENTER,2025-09-18,18:22,SIMONI,C:\FPQSYS\OSOFICINA7.0\BACKUP_OSOFICINA7.0_000632\
633,OS OFICINA 7.0,SUL AUTO CENTER,2025-09-19,18:33,SIMONI,C:\FPQSYS\OSOFICINA7.0\BACKUP_OSOFICINA7.0_000633\
634,OS OFICINA 7.0,SUL AUTO CENTER,2025-09-22,12:03,SIMONI,C:\FPQSYS\OSOFICINA7.0\BACKUP_OSOFICINA7.0_000634\
635,OS OFICINA 7.0,SUL AUTO CENTER,2025-09-22,18:48,SIMONI,C:\FPQSYS\OSOFICINA7.0\BACKUP_OSOFICINA7.0_000635\
636,OS OFICINA 7.0,SUL AUTO CENTER,2025-09-23,18:15,SIMONI,C:\FPQSYS\OSOFICINA7.0\BACKUP_OSOFICINA7.0_000636\
637,OS OFICINA 7.0,SUL AUTO CENTER,2025-09-24,18:04,SIMONI,C:\FPQSYS\OSOFICINA7.0\BACKUP_OSOFICINA7.0_000637\
638,OS OFICINA 7.0,SUL AUTO CENTER,2025-09-25,19:03,SIMONI,C:\FPQSYS\OSOFICINA7.0\BACKUP_OSOFICINA7.0_000638\
639,OS OFICINA 7.0,SUL AUTO CENTER,2025-09-26,18:29,SIMONI,C:\FPQSYS\OSOFICINA7.0\BACKUP_OSOFICINA7.0_000639\
640,OS OFICINA 7.0,SUL AUTO CENTER,2025-09-29,19:16,SIMONI,C:\FPQSYS\OSOFICINA7.0\BACKUP_OSOFICINA7.0_000640\
641,OS OFICINA 7.0,SUL AUTO CENTER,2025-09-30,18:24,SIMONI,C:\FPQSYS\OSOFICINA7.0\BACKUP_OSOFICINA7.0_000641\
642,OS OFICINA 7.0,SUL AUTO CENTER,2025-10-01,18:03,SIMONI,C:\FPQSYS\OSOFICINA7.0\BACKUP_OSOFICINA7.0_000642\
643,OS OFICINA 7.0,SUL AUTO CENTER,2025-10-02,18:16,SIMONI,C:\FPQSYS\OSOFICINA7.0\BACKUP_OSOFICINA7.0_000643\
644,OS OFICINA 7.0,SUL AUTO CENTER,2025-10-03,17:53,SIMONI,C:\FPQSYS\OSOFICINA7.0\BACKUP_OSOFICINA7.0_000644\
645,OS OFICINA 7.0,SUL AUTO CENTER,2025-10-06,19:08,SIMONI,C:\FPQSYS\OSOFICINA7.0\BACKUP_OSOFICINA7.0_000645\
646,OS OFICINA 7.0,SUL AUTO CENTER,2025-10-07,18:45,SIMONI,C:\FPQSYS\OSOFICINA7.0\BACKUP_OSOFICINA7.0_000646\
647,OS OFICINA 7.0,SUL AUTO CENTER,2025-10-08,18:38,SIMONI,C:\FPQSYS\OSOFICINA7.0\BACKUP_OSOFICINA7.0_000647\
648,OS OFICINA 7.0,SUL AUTO CENTER,2025-10-09,18:09,SIMONI,C:\FPQSYS\OSOFICINA7.0\BACKUP_OSOFICINA7.0_000648\
649,OS OFICINA 7.0,SUL AUTO CENTER,2025-10-10,07:15,SIMONI,C:\FPQSYS\OSOFICINA7.0\BACKUP_OSOFICINA7.0_000649\
650,OS OFICINA 7.0,SUL AUTO CENTER,2025-10-10,18:36,SIMONI,C:\FPQSYS\OSOFICINA7.0\BACKUP_OSOFICINA7.0_000650\
651,OS OFICINA 7.0,SUL AUTO CENTER,2025-10-13,18:40,SIMONI,C:\FPQSYS\OSOFICINA7.0\BACKUP_OSOFICINA7.0_000651\
652,OS OFICINA 7.0,SUL AUTO CENTER,2025-10-14,18:34,SIMONI,C:\FPQSYS\OSOFICINA7.0\BACKUP_OSOFICINA7.0_000652\
653,OS OFICINA 7.0,SUL AUTO CENTER,2025-10-15,18:04,SIMONI,C:\FPQSYS\OSOFICINA7.0\BACKUP_OSOFICINA7.0_000653\
654,OS OFICINA 7.0,SUL AUTO CENTER,2025-10-17,17:53,SIMONI,C:\FPQSYS\OSOFICINA7.0\BACKUP_OSOFICINA7.0_000654\
655,OS OFICINA 7.0,SUL AUTO CENTER,2025-10-20,18:14,SIMONI,C:\FPQSYS\OSOFICINA7.0\BACKUP_OSOFICINA7.0_000655\
656,OS OFICINA 7.0,SUL AUTO CENTER,2025-10-21,18:59,SIMONI,C:\FPQSYS\OSOFICINA7.0\BACKUP_OSOFICINA7.0_000656\
657,OS OFICINA 7.0,SUL AUTO CENTER,2025-10-22,18:51,SIMONI,C:\FPQSYS\OSOFICINA7.0\BACKUP_OSOFICINA7.0_000657\
658,OS OFICINA 7.0,SUL AUTO CENTER,2025-10-23,16:55,SIMONI,C:\FPQSYS\OSOFICINA7.0\BACKUP_OSOFICINA7.0_000658\
659,OS OFICINA 7.0,SUL AUTO CENTER,2025-10-27,18:54,SIMONI,C:\FPQSYS\OSOFICINA7.0\BACKUP_OSOFICINA7.0_000659\
660,OS OFICINA 7.0,SUL AUTO CENTER,2025-10-28,18:05,SIMONI,C:\FPQSYS\OSOFICINA7.0\BACKUP_OSOFICINA7.0_000660\
661,OS OFICINA 7.0,SUL AUTO CENTER,2025-10-29,18:38,SIMONI,C:\FPQSYS\OSOFICINA7.0\BACKUP_OSOFICINA7.0_000661\
662,OS OFICINA 7.0,SUL AUTO CENTER,2025-10-30,16:52,SIMONI,C:\FPQSYS\OSOFICINA7.0\BACKUP_OSOFICINA7.0_000662\
663,OS OFICINA 7.0,SUL AUTO CENTER,2025-10-31,18:33,SIMONI,C:\FPQSYS\OSOFICINA7.0\BACKUP_OSOFICINA7.0_000663\
664,OS OFICINA 7.0,SUL AUTO CENTER,2025-11-03,19:41,SIMONI,C:\FPQSYS\OSOFICINA7.0\BACKUP_OSOFICINA7.0_000664\
665,OS OFICINA 7.0,SUL AUTO CENTER,2025-11-04,18:46,SIMONI,C:\FPQSYS\OSOFICINA7.0\BACKUP_OSOFICINA7.0_000665\
666,OS OFICINA 7.0,SUL AUTO CENTER,2025-11-06,16:52,SIMONI,C:\FPQSYS\OSOFICINA7.0\BACKUP_OSOFICINA7.0_000666\
667,OS OFICINA 7.0,SUL AUTO CENTER,2025-11-07,18:47,SIMONI,C:\FPQSYS\OSOFICINA7.0\BACKUP_OSOFICINA7.0_000667\
668,OS OFICINA 7.0,SUL AUTO CENTER,2025-11-10,19:05,SIMONI,C:\FPQSYS\OSOFICINA7.0\BACKUP_OSOFICINA7.0_000668\
669,OS OFICINA 7.0,SUL AUTO CENTER,2025-11-11,18:50,SIMONI,C:\FPQSYS\OSOFICINA7.0\BACKUP_OSOFICINA7.0_000669\
670,OS OFICINA 7.0,SUL AUTO CENTER,2025-11-13,18:09,SIMONI,C:\FPQSYS\OSOFICINA7.0\BACKUP_OSOFICINA7.0_000670\
671,OS OFICINA 7.0,SUL AUTO CENTER,2025-11-14,18:02,SIMONI,C:\FPQSYS\OSOFICINA7.0\BACKUP_OSOFICINA7.0_000671\
672,OS OFICINA 7.0,SUL AUTO CENTER,2025-11-17,19:41,SIMONI,C:\FPQSYS\OSOFICINA7.0\BACKUP_OSOFICINA7.0_000672\
673,OS OFICINA 7.0,SUL AUTO CENTER,2025-11-18,19:00,SIMONI,C:\FPQSYS\OSOFICINA7.0\BACKUP_OSOFICINA7.0_000673\
674,OS OFICINA 7.0,SUL AUTO CENTER,2025-11-19,18:42,SIMONI,C:\FPQSYS\OSOFICINA7.0\BACKUP_OSOFICINA7.0_000674\
675,OS OFICINA 7.0,SUL AUTO CENTER,2025-11-21,18:13,SIMONI,C:\FPQSYS\OSOFICINA7.0\BACKUP_OSOFICINA7.0_000675\
676,OS OFICINA 7.0,SUL AUTO CENTER,2025-11-24,18:23,SIMONI,C:\FPQSYS\OSOFICINA7.0\BACKUP_OSOFICINA7.0_000676\
677,OS OFICINA 7.0,SUL AUTO CENTER,2025-11-25,18:22,SIMONI,C:\FPQSYS\OSOFICINA7.0\BACKUP_OSOFICINA7.0_000677\
678,OS OFICINA 7.0,SUL AUTO CENTER,2025-11-27,18:34,SIMONI,C:\FPQSYS\OSOFICINA7.0\BACKUP_OSOFICINA7.0_000678\
679,OS OFICINA 7.0,SUL AUTO CENTER,2025-11-28,18:28,SIMONI,C:\FPQSYS\OSOFICINA7.0\BACKUP_OSOFICINA7.0_000679\
680,OS OFICINA 7.0,SUL AUTO CENTER,2025-12-01,20:16,SIMONI,C:\FPQSYS\OSOFICINA7.0\BACKUP_OSOFICINA7.0_000680\
681,OS OFICINA 7.0,SUL AUTO CENTER,2025-12-02,18:38,SIMONI,C:\FPQSYS\OSOFICINA7.0\BACKUP_OSOFICINA7.0_000681\
682,OS OFICINA 7.0,SUL AUTO CENTER,2025-12-03,19:03,SIMONI,C:\FPQSYS\OSOFICINA7.0\BACKUP_OSOFICINA7.0_000682\
683,OS OFICINA 7.0,SUL AUTO CENTER,2025-12-04,18:04,SIMONI,C:\FPQSYS\OSOFICINA7.0\BACKUP_OSOFICINA7.0_000683\
684,OS OFICINA 7.0,SUL AUTO CENTER,2025-12-08,18:54,SIMONI,C:\FPQSYS\OSOFICINA7.0\BACKUP_OSOFICINA7.0_000684\
685,OS OFICINA 7.0,SUL AUTO CENTER,2025-12-09,18:49,SIMONI,C:\FPQSYS\OSOFICINA7.0\BACKUP_OSOFICINA7.0_000685\
686,OS OFICINA 7.0,SUL AUTO CENTER,2025-12-10,18:34,SIMONI,C:\FPQSYS\OSOFICINA7.0\BACKUP_OSOFICINA7.0_000686\
687,OS OFICINA 7.0,SUL AUTO CENTER,2025-12-11,18:15,SIMONI,C:\FPQSYS\OSOFICINA7.0\BACKUP_OSOFICINA7.0_000687\
688,OS OFICINA 7.0,SUL AUTO CENTER,2025-12-12,18:41,SIMONI,C:\FPQSYS\OSOFICINA7.0\BACKUP_OSOFICINA7.0_000688\
689,OS OFICINA 7.0,SUL AUTO CENTER,2025-12-15,19:28,SIMONI,C:\FPQSYS\OSOFICINA7.0\BACKUP_OSOFICINA7.0_000689\
690,OS OFICINA 7.0,SUL AUTO CENTER,2025-12-16,18:34,SIMONI,C:\FPQSYS\OSOFICINA7.0\BACKUP_OSOFICINA7.0_000690\
691,OS OFICINA 7.0,SUL AUTO CENTER,2025-12-17,18:08,SIMONI,C:\FPQSYS\OSOFICINA7.0\BACKUP_OSOFICINA7.0_000691\
692,OS OFICINA 7.0,SUL AUTO CENTER,2025-12-18,18:25,SIMONI,C:\FPQSYS\OSOFICINA7.0\BACKUP_OSOFICINA7.0_000692\
693,OS OFICINA 7.0,SUL AUTO CENTER,2025-12-19,17:52,SIMONI,C:\FPQSYS\OSOFICINA7.0\BACKUP_OSOFICINA7.0_000693\
694,OS OFICINA 7.0,SUL AUTO CENTER,2026-01-05,19:16,SIMONI,C:\FPQSYS\OSOFICINA7.0\BACKUP_OSOFICINA7.0_000694\
695,OS OFICINA 7.0,SUL AUTO CENTER,2026-01-06,18:02,SIMONI,C:\FPQSYS\OSOFICINA7.0\BACKUP_OSOFICINA7.0_000695\
696,OS OFICINA 7.0,SUL AUTO CENTER,2026-01-07,10:02,SIMONI,C:\FPQSYS\OSOFICINA7.0\BACKUP_OSOFICINA7.0_000696\
697,OS OFICINA 7.0,SUL AUTO CENTER,2026-01-07,12:03,SIMONI,C:\FPQSYS\OSOFICINA7.0\BACKUP_OSOFICINA7.0_000697\
698,OS OFICINA 7.0,SUL AUTO CENTER,2026-01-07,18:25,SIMONI,C:\FPQSYS\OSOFICINA7.0\BACKUP_OSOFICINA7.0_000698\
699,OS OFICINA 7.0,SUL AUTO CENTER,2026-01-08,18:07,SIMONI,C:\FPQSYS\OSOFICINA7.0\BACKUP_OSOFICINA7.0_000699\
700,OS OFICINA 7.0,SUL AUTO CENTER,2026-01-09,19:01,SIMONI,C:\FPQSYS\OSOFICINA7.0\BACKUP_OSOFICINA7.0_000700\
701,OS OFICINA 7.0,SUL AUTO CENTER,2026-01-12,19:12,SIMONI,C:\FPQSYS\OSOFICINA7.0\BACKUP_OSOFICINA7.0_000701\
702,OS OFICINA 7.0,SUL AUTO CENTER,2026-01-13,18:42,SIMONI,C:\FPQSYS\OSOFICINA7.0\BACKUP_OSOFICINA7.0_000702\
703,OS OFICINA 7.0,SUL AUTO CENTER,2026-01-14,16:57,SIMONI,C:\FPQSYS\OSOFICINA7.0\BACKUP_OSOFICINA7.0_000703\
704,OS OFICINA 7.0,SUL AUTO CENTER,2026-01-15,18:09,SIMONI,C:\FPQSYS\OSOFICINA7.0\BACKUP_OSOFICINA7.0_000704\
705,OS OFICINA 7.0,SUL AUTO CENTER,2026-01-16,18:56,SIMONI,C:\FPQSYS\OSOFICINA7.0\BACKUP_OSOFICINA7.0_000705\
706,OS OFICINA 7.0,SUL AUTO CENTER,2026-01-19,16:49,SIMONI,C:\FPQSYS\OSOFICINA7.0\BACKUP_OSOFICINA7.0_000706\
707,OS OFICINA 7.0,SUL AUTO CENTER,2026-01-19,18:57,SIMONI,C:\FPQSYS\OSOFICINA7.0\BACKUP_OSOFICINA7.0_000707\
708,OS OFICINA 7.0,SUL AUTO CENTER,2026-01-20,10:27,SIMONI,C:\FPQSYS\OSOFICINA7.0\BACKUP_OSOFICINA7.0_000708\
709,OS OFICINA 7.0,SUL AUTO CENTER,2026-01-20,18:19,SIMONI,C:\FPQSYS\OSOFICINA7.0\BACKUP_OSOFICINA7.0_000709\
710,OS OFICINA 7.0,SUL AUTO CENTER,2026-01-21,19:06,SIMONI,C:\FPQSYS\OSOFICINA7.0\BACKUP_OSOFICINA7.0_000710\
711,OS OFICINA 7.0,SUL AUTO CENTER,2026-01-22,18:04,SIMONI,C:\FPQSYS\OSOFICINA7.0\BACKUP_OSOFICINA7.0_000711\
712,OS OFICINA 7.0,SUL AUTO CENTER,2026-01-22,19:14,SIMONI,C:\FPQSYS\OSOFICINA7.0\BACKUP_OSOFICINA7.0_000712\
713,OS OFICINA 7.0,SUL AUTO CENTER,2026-01-23,18:28,SIMONI,C:\FPQSYS\OSOFICINA7.0\BACKUP_OSOFICINA7.0_000713\
714,OS OFICINA 7.0,SUL AUTO CENTER,2026-01-26,19:06,SIMONI,C:\FPQSYS\OSOFICINA7.0\BACKUP_OSOFICINA7.0_000714\
715,OS OFICINA 7.0,SUL AUTO CENTER,2026-01-27,18:21,SIMONI,C:\FPQSYS\OSOFICINA7.0\BACKUP_OSOFICINA7.0_000715\
716,OS OFICINA 7.0,SUL AUTO CENTER,2026-01-28,18:10,SIMONI,C:\FPQSYS\OSOFICINA7.0\BACKUP_OSOFICINA7.0_000716\
717,OS OFICINA 7.0,SUL AUTO CENTER,2026-01-29,18:57,SIMONI,C:\FPQSYS\OSOFICINA7.0\BACKUP_OSOFICINA7.0_000717\
718,OS OFICINA 7.0,SUL AUTO CENTER,2026-02-02,19:21,SIMONI,C:\FPQSYS\OSOFICINA7.0\BACKUP_OSOFICINA7.0_000718\
719,OS OFICINA 7.0,SUL AUTO CENTER,2026-02-03,17:55,SIMONI,C:\FPQSYS\OSOFICINA7.0\BACKUP_OSOFICINA7.0_000719\
720,OS OFICINA 7.0,SUL AUTO CENTER,2026-02-04,18:21,SIMONI,C:\FPQSYS\OSOFICINA7.0\BACKUP_OSOFICINA7.0_000720\
721,OS OFICINA 7.0,SUL AUTO CENTER,2026-02-05,18:04,SIMONI,C:\FPQSYS\OSOFICINA7.0\BACKUP_OSOFICINA7.0_000721\
722,OS OFICINA 7.0,SUL AUTO CENTER,2026-02-06,18:27,SIMONI,C:\FPQSYS\OSOFICINA7.0\BACKUP_OSOFICINA7.0_000722\
723,OS OFICINA 7.0,SUL AUTO CENTER,2026-02-09,19:19,SIMONI,C:\FPQSYS\OSOFICINA7.0\BACKUP_OSOFICINA7.0_000723\
724,OS OFICINA 7.0,SUL AUTO CENTER,2026-02-10,18:48,SIMONI,C:\FPQSYS\OSOFICINA7.0\BACKUP_OSOFICINA7.0_000724\
725,OS OFICINA 7.0,SUL AUTO CENTER,2026-02-11,18:24,SIMONI,C:\FPQSYS\OSOFICINA7.0\BACKUP_OSOFICINA7.0_000725\
726,OS OFICINA 7.0,SUL AUTO CENTER,2026-02-12,18:16,SIMONI,C:\FPQSYS\OSOFICINA7.0\BACKUP_OSOFICINA7.0_000726\
727,OS OFICINA 7.0,SUL AUTO CENTER,2026-02-13,18:39,SIMONI,C:\FPQSYS\OSOFICINA7.0\BACKUP_OSOFICINA7.0_000727\
728,OS OFICINA 7.0,SUL AUTO CENTER,2026-02-17,19:00,SIMONI,C:\FPQSYS\OSOFICINA7.0\BACKUP_OSOFICINA7.0_000728\
729,OS OFICINA 7.0,SUL AUTO CENTER,2026-02-19,19:28,SIMONI,C:\FPQSYS\OSOFICINA7.0\BACKUP_OSOFICINA7.0_000729\
730,OS OFICINA 7.0,SUL AUTO CENTER,2026-02-20,18:06,SIMONI,C:\FPQSYS\OSOFICINA7.0\BACKUP_OSOFICINA7.0_000730\
731,OS OFICINA 7.0,SUL AUTO CENTER,2026-02-23,18:04,SIMONI,C:\FPQSYS\OSOFICINA7.0\BACKUP_OSOFICINA7.0_000731\
732,OS OFICINA 7.0,SUL AUTO CENTER,2026-02-24,18:37,SIMONI,C:\FPQSYS\OSOFICINA7.0\BACKUP_OSOFICINA7.0_000732\
733,OS OFICINA 7.0,SUL AUTO CENTER,2026-02-25,18:28,SIMONI,C:\FPQSYS\OSOFICINA7.0\BACKUP_OSOFICINA7.0_000733\
734,OS OFICINA 7.0,SUL AUTO CENTER,2026-02-26,17:57,SIMONI,C:\FPQSYS\OSOFICINA7.0\BACKUP_OSOFICINA7.0_000734\
735,OS OFICINA 7.0,SUL AUTO CENTER,2026-02-27,18:32,SIMONI,C:\FPQSYS\OSOFICINA7.0\BACKUP_OSOFICINA7.0_000735\
736,OS OFICINA 7.0,SUL AUTO CENTER,2026-03-02,19:11,SIMONI,C:\FPQSYS\OSOFICINA7.0\BACKUP_OSOFICINA7.0_000736\
737,OS OFICINA 7.0,SUL AUTO CENTER,2026-03-03,18:31,SIMONI,C:\FPQSYS\OSOFICINA7.0\BACKUP_OSOFICINA7.0_000737\
738,OS OFICINA 7.0,SUL AUTO CENTER,2026-03-04,18:13,SIMONI,C:\FPQSYS\OSOFICINA7.0\BACKUP_OSOFICINA7.0_000738\
739,OS OFICINA 7.0,SUL AUTO CENTER,2026-03-05,17:54,SIMONI,C:\FPQSYS\OSOFICINA7.0\BACKUP_OSOFICINA7.0_000739\
740,OS OFICINA 7.0,SUL AUTO CENTER,2026-03-06,18:27,SIMONI,C:\FPQSYS\OSOFICINA7.0\BACKUP_OSOFICINA7.0_000740\
741,OS OFICINA 7.0,SUL AUTO CENTER,2026-03-09,19:12,SIMONI,C:\FPQSYS\OSOFICINA7.0\BACKUP_OSOFICINA7.0_000741\
742,OS OFICINA 7.0,SUL AUTO CENTER,2026-03-10,18:21,SIMONI,C:\FPQSYS\OSOFICINA7.0\BACKUP_OSOFICINA7.0_000742\
743,OS OFICINA 7.0,SUL AUTO CENTER,2026-03-11,18:05,SIMONI,C:\FPQSYS\OSOFICINA7.0\BACKUP_OSOFICINA7.0_000743\
744,OS OFICINA 7.0,SUL AUTO CENTER,2026-03-16,19:19,SIMONI,C:\FPQSYS\OSOFICINA7.0\BACKUP_OSOFICINA7.0_000744\
745,OS OFICINA 7.0,SUL AUTO CENTER,2026-03-17,19:23,SIMONI,C:\FPQSYS\OSOFICINA7.0\BACKUP_OSOFICINA7.0_000745\
746,OS OFICINA 7.0,SUL AUTO CENTER,2026-03-18,18:20,SIMONI,C:\FPQSYS\OSOFICINA7.0\BACKUP_OSOFICINA7.0_000746\
747,OS OFICINA 7.0,SUL AUTO CENTER,2026-03-20,18:11,SIMONI,C:\FPQSYS\OSOFICINA7.0\BACKUP_OSOFICINA7.0_000747\
748,OS OFICINA 7.0,SUL AUTO CENTER,2026-03-23,18:18,SIMONI,C:\FPQSYS\OSOFICINA7.0\BACKUP_OSOFICINA7.0_000748\
749,OS OFICINA 7.0,SUL AUTO CENTER,2026-03-24,17:31,SIMONI,C:\FPQSYS\OSOFICINA7.0\BACKUP_OSOFICINA7.0_000749\
750,OS OFICINA 7.0,SUL AUTO CENTER,2026-03-25,18:03,SIMONI,C:\FPQSYS\OSOFICINA7.0\BACKUP_OSOFICINA7.0_000750\
751,OS OFICINA 7.0,SUL AUTO CENTER,2026-03-26,18:12,SIMONI,C:\FPQSYS\OSOFICINA7.0\BACKUP_OSOFICINA7.0_000751\
752,OS OFICINA 7.0,SUL AUTO CENTER,2026-03-27,18:27,SIMONI,C:\FPQSYS\OSOFICINA7.0\BACKUP_OSOFICINA7.0_000752\
753,OS OFICINA 7.0,SUL AUTO CENTER,2026-03-30,19:15,SIMONI,C:\FPQSYS\OSOFICINA7.0\BACKUP_OSOFICINA7.0_000753\
754,OS OFICINA 7.0,SUL AUTO CENTER,2026-03-31,19:44,SIMONI,C:\FPQSYS\OSOFICINA7.0\BACKUP_OSOFICINA7.0_000754\
755,OS OFICINA 7.0,SUL AUTO CENTER,2026-04-01,18:07,SIMONI,C:\FPQSYS\OSOFICINA7.0\BACKUP_OSOFICINA7.0_000755\
756,OS OFICINA 7.0,SUL AUTO CENTER,2026-04-02,18:48,CESAR,C:\FPQSYS\OSOFICINA7.0\BACKUP_OSOFICINA7.0_000756\
757,OS OFICINA 7.0,SUL AUTO CENTER,2026-04-06,21:00,CESAR,C:\FPQSYS\OSOFICINA7.0\BACKUP_OSOFICINA7.0_000757\
758,OS OFICINA 7.0,SUL AUTO CENTER,2026-04-07,21:35,SIMONI,C:\FPQSYS\OSOFICINA7.0\BACKUP_OSOFICINA7.0_000758\
759,OS OFICINA 7.0,SUL AUTO CENTER,2026-04-08,19:20,SIMONI,C:\FPQSYS\OSOFICINA7.0\BACKUP_OSOFICINA7.0_000759\
760,OS OFICINA 7.0,SUL AUTO CENTER,2026-04-10,18:31,SIMONI,C:\FPQSYS\OSOFICINA7.0\BACKUP_OSOFICINA7.0_000760\
761,OS OFICINA 7.0,SUL AUTO CENTER,2026-04-13,19:24,SIMONI,C:\FPQSYS\OSOFICINA7.0\BACKUP_OSOFICINA7.0_000761\
762,OS OFICINA 7.0,SUL AUTO CENTER,2026-04-14,19:09,SIMONI,C:\FPQSYS\OSOFICINA7.0\BACKUP_OSOFICINA7.0_000762\
763,OS OFICINA 7.0,SUL AUTO CENTER,2026-04-15,18:20,SIMONI,C:\FPQSYS\OSOFICINA7.0\BACKUP_OSOFICINA7.0_000763\
764,OS OFICINA 7.0,SUL AUTO CENTER,2026-04-16,18:33,CESAR,C:\FPQSYS\OSOFICINA7.0\BACKUP_OSOFICINA7.0_000764\
765,OS OFICINA 7.0,SUL AUTO CENTER,2026-04-17,18:47,CESAR,C:\FPQSYS\OSOFICINA7.0\BACKUP_OSOFICINA7.0_000765\
766,OS OFICINA 7.0,SUL AUTO CENTER,2026-04-22,19:46,SIMONI,C:\FPQSYS\OSOFICINA7.0\BACKUP_OSOFICINA7.0_000766\
