PLACA,CODCLI,OBSERVA
PXN7J5,2,          
MDP1E9,4,          
QJN215,9,          
QIA2J0,13,          
FSZ3E7,11,          
MET812,10,          
ISR1D6,6,          
MBL3H3,6,          
MJF309,21,          
MLS3I0,1290,          
MBN993,23,          
MJP7D7,6,          
QHO831,24,"          

"
AOG693,3,          
MMD693,26,          
MFZ335,237,          
AOG215,27,          
QII5D6,25,          
APJ2B2,28,          
AWV7A6,10,          
MIS7B7,121,          
MVD2F6,31,          
QIE257,6,          
DYD946,1151,          
MDZ503,6,          
MID995,36,"          
"
OHX3I9,38,          
MFY107,6,          
MGX452,40,          
LXT2G2,41,          
QHF6F1,42,          
IHE5D2,44,          
MGN428,45,          
LXW5B3,46,          
ARU869,47,          
MGM718,48,          
MKR0D0,929,          
MHQ949,50,          
MAV595,51,          
RAD896,55,          
FEC039,49,          
AJS692,58,          
QHM9B6,57,          
FEJ3H6,60,          
MFX948,61,          
MHQ208,63,          
MEE790,74,          
ASC4D6,59,          
MFC950,75,          
AHK330,20,          
MDC102,53,          
AMH439,76,          
AIB548,77,          
MIA277,83,          
RAC3A0,78,          
OAQ1F0,79,          
ELM2I0,1,          
NYZ0B7,66,          
MFN7A4,81,          
HHK932,80,          
MGB321,82,          
IJI864,88,          
MBF0H8,89,          
MLM4G7,90,          
QOH5G9,91,          
AJT7B5,92,          
MIH021,84,          
MKM0H1,93,CLIENTE CIENTE DAS BALANÇAS DANIFICADAS  
QJX2J4,85,          
QIS7B6,346,RODIZIO DOS PNEUS          
MIS373,94,          
MGX423,95,          
MLF223,96,          
AJO7H7,367,          
MII756,100,          
KEN1J2,98,          
MKC005,99,          
MEQ189,352,         
AYT184,513,          
MJJ206,104,          
MCZ563,105,          
QHR4J7,107,          
MMM1D1,108,          
OJM130,106,          
MEK1G0,110,          
MFU923,111,          
MIA452,109,          
QJZ334,114,          
ELM210,115,          
MIZ768,116,          
IKW0A6,138,          
MGU808,119,          
KQJ8G0,113,          
FJD0J8,122,          
MFB146,123,          
MIW5E5,124,          
MJD9F8,116,          
QHN7A9,127,          
MJV379,129,          
FQI9C6,126,          
MJV006,120,          
MGT582,130,          
MJA5B6,125,          
IRX9G8,128,          
MJG600,131,          
MMK518,115,          
MKY234,132,          
MGS810,69,          
AJL493,133,          
ARV0B1,134,          
MGS188,135,          
MEU587,136,          
MGS8I0,69,          
MGD059,140,          
MIL799,141,
MMH859,142,          
BEI2J1,143,          
BBZ4E8,144,          
MFR5I7,145,          
APP857,146,          
AVE2H7,147,          
MJV876,149,          
ROV012,150,          
RDW0I2,150,          
RDW01I,150,          
IJI8G4,88,          
QJV9D0,151,          
MGF053,352,          
MLE6B1,152,          
MHH669,153,"          
"
MJP9J6,156,          
PUX0A6,157,          
MJF928,158,          
LYQ4A1,159,          
MDP112,160,"          


"
IPT092,161,          
ALB2J6,162,          
MJS229,72,          
MOL296,163,          
QHV079,165,          
MEI8H9,166,          
MKF5G0,167,          
LXI619,53,          
MLP396,171,          
EIA810,639,          
QHG8A7,173,          
MGM363,174,          
MKS360,175,          
FCO9I1,176,          
DKN6J9,155,          
MEM9A2,177,          
FEU0E0,178,          
EYI6A9,179,          
MFX0D1,20,          
LXU349,170,          
EAP418,180,          
MJX3A1,184,          
HSX4E2,183,          
KJH9J0,169,          
EQT400,185,          
MJT135,184,          
MGZ9A5,188,          
MHY8B0,189,          
PWK189,187,          
NCO5A1,191,          
EMM764,186,          
ERJ4G7,194,          
IQT342,137,          
MIZ7D0,192,          
MKI244,195,          
COB331,196,          
MFK165,190,          
MDI736,197,          
MVF010,198,          
ALY396,199,"          
"
QHF4A3,276,          
MHR029,200,          
MMH367,205,          
LYH605,206,          
MFQ985,207,          
MMK5B8,1100,          
MBV063,210,          
AJS2E1,211,          
APC198,988,          
ARM8D3,208,          
HFG187,213,          
MAG339,214,          
MKG7F7,202,          
ALL711,62,          
MLP618,216,          
MAR4A0,215,          
MES193,212,          
AFO777,204,          
QIE198,99,"          
"
LWY9B9,221,          
MID6C2,1030,          
ARS0G7,223,          
LYK099,225,          
RDV5D3,227,          
LYD1G2,228,          
MKF665,219,          
MLX2C3,230,          
KGD7F6,231,          
MGG476,187,          
FAD9C8,218,          
FKI9C6,126,          
NUQ144,97,          
MHA4A3,236,          
MGU5A4,1413,          
MGS170,240,          
FRX8I3,226,          
FOI3B5,234,          
MHR166,242,          
QJN572,244,          
QHZ5D5,65,          
QHD448,373,          
MHR046,235,          
MEC230,229,cliente ciente que o reservatorio do limpador de parabrisa está danificado.
FTX707,247,          
MHR127,238,"Peças Danificadas: pivo suspensao LE, Caixa direção, 02 coxim amortecedor, freios.          "
MJQ532,252,          
CFQ760,253,          
JRG490,241,          
OKD446,255,          
MIP790,243,          
MUD7F5,256,          
EEN1I9,257,          
MLY870,118,          
MFB0B9,258,          
QJG0I3,5,"          
"
MBG213,260,          
FYH3H7,261,          
QUI9A3,262,          
EWU343,70,          
LXJ208,263,          
MDB6H4,139,"          
"
MEP662,248,          
MEP604,264,          
MHB616,34,          
MIU566,265,          
HYV3C8,259,          
MAK0H7,254,          
MBF2G7,266,          
QHR5D2,270,          
MMJ9E5,191,          
MLV323,269,          
AWO1I7,267,          
EWT055,268,          
DAL556,272,          
KAI038,3,          
MGE543,354,          
ACU201,1552,          
AFZ202,277,          
OQS4A4,276,          
APH452,281,          
DTT4D6,282,          
INR057,283,          
MKJ4J2,273,"          



"
MJK296,71,"          
"
BDR9D9,39,          
QHY074,284,          
MWL193,66,          
MDM555,285,          
MGH005,286,          
CSK471,287,          
MHE5E8,447,          
MIP800,1072,          
QHS156,205,          
BDJ0I4,289,          
MJZ3I9,290,          
CKV108,291,          
MEB621,292,          
QHI9H2,70,          
KOB5C8,294,          
AGB703,295,          
MHC7I0,293,          
DUU607,296,          
MCW4F0,297,          
ERF8H7,96,          
MMI037,219,"          
"
MJV162,298,          
MBO685,299,          
MBV912,37,          
BGK1G0,300,          
DPX241,302,          
LTU3F4,303,          
FZV7J5,305,          
MJE310,308,          
ARV869,47,          
DRH836,37,"          
"
EYS5H1,309,          
MLY965,311,          
NWT5E4,310,          
PWM759,148,          
OKD9A0,312,          
FOH2J7,313,
MGW9J4,314,          
CQM542,315,          
MIL271,72,          
MKA227,317,          
QIX662,318,          
MLZ1F7,319,          
QHI837,321,          
IIC826,322,          
MGH3G4,323,          
LZJ878,324,          
MIS929,8,COXIM DO AMORTECEDOR DIANTEIROS DANIFICADOS          
PWM7A9,148,          
BCE3C1,325,          
MDN4D1,314,          
FDO154,327,"          
"
BDQ4I6,328,          
MMM250,330,          
BVM357,334,          
HHS191,335,"          
"
MHP5J4,336,          
HJW656,333,          
MBB6B6,332,          
LZS168,320,          
LZV529,339,          
PZV117,340,"
"
MEZ6C6,331,          
HBU074,341,          
BAZ7H1,351,          
MHS7C0,343,          
MEM7G6,344,          
MHP381,347,          
MHB6D1,969,"          
"
MEH135,345,          
MJX351,30,          
MKU029,329,          
LZT935,223,          
AVV2D7,350,          
MLV905,70,"          
"
JQB355,353,          
MEM3H0,337,          
OWN422,355,          
MHC5J3,50,          
LXI634,335,          
MKM425,357,          
MJJ970,358,          
QJH3F8,360,          
AUD8A9,356,          
MJJ668,493,          
MGX259,56,          
MIW5J3,162,          
MJV014,362,"          
"
JMH3A8,363,          
PFO652,365,          
LYQ325,366,          
MEO686,56,          
MLY049,359,          
MFV5C3,368,          
MMF5J3,364,          
ISF779,370,          
FVA1F8,371,          
QTL433,372,          
MMC735,116,          
QPI4H9,373,          
MKH9C8,374,          
MIV8I6,6,          
QJP2G9,375,          
MFV069,376,          
MJU072,661,INFORMADO AO CLIENTE A NECESSIDADE DE FAZER UMA REVISÃO NOS FREIOS E FREIO DE MAO.          
MJS8D9,378,"          
"
LYH806,380,          
IOL6B8,381,          
JHK0H9,382,          
MGK508,383,          
MHP9E9,374,          
RAF3I1,388,          
QHK153,384,          
MJS706,389,          
LYA1J3,393,          
MKT034,391,          
MW02J8,3,          
MFL718,394,          
AHM0B9,304,          
MJU876,1261,          
MJD7F5,256,          
QUL1E2,785,          
QHI7G0,399,          
ALE238,398,          
DWN0B7,400,          
JNQ351,1331,          
QHI468,403,          
MFH9J4,404,          
MCI514,405,          
DEX128,406,          
MDC546,408,          
MLH033,153,          
MBB627,410,          
MLH461,412,          
MKJ724,413,          
MBV090,414,          
MIZ3E4,415,          
LWV118,416,          
LCV7G2,107,          
MJP4D4,419,          
MKT234,132,          
MEZ348,420,          
QHG328,421,          
NEZ9I5,929,          
QJF9I5,411,          
MJB742,758,          
AKD0F8,422,          
LOC204,423,          
MHQ927,424,          
QIP567,425,          
OFT6E0,374,      
QNM5D1,427,          
MKN7E7,428,          
AKP198,429,          
MKH509,430,          
FSV7J5,305,          
QHB3I1,431,          
NCQ189,433,          
RDW2E7,434,          
MHO0G3,6,          
LZV613,435,"          
"
RAF378,436,          
MKT598,437,          
MJG6A3,438,          
MAS263,52,          
MHM1I2,164,          
MFV466,439,          
OTZ4A4,281,          
LZA243,441,          
QIA4E6,443,          
QIV715,446,          
MGW025,445,          
DQC1B8,38,          
EPE652,73,          
MDQ458,448,          
QHB7I7,47,          
RAG547,432,          
LYK152,451,          
CIL939,450,          
MJR709,266,          
MBZ132,453,          
AUL1C6,456,          
QIJ517,455,          
MKE661,457,          
HLR001,458,          
IIU586,459,          
QIM7H6,255,          
MLH838,70,          
MGY394,444,          
MCU5J9,460,          
ALE2F3,487,          
MKU828,608,          
BRI090,373,          
RAB816,461,          
IRF0C7,463,          
RDS4C4,71,          
JCS250,464,          
MMI487,465,          
RLB9H1,54,          
QQQ1B3,468,          
QHO3E6,466,          
QHQ3C5,1653,          
MHL236,222,          
MFY9B8,469,          
IGO5C9,472,          
MKR718,473,          
LYG084,230,          
MDC4J8,224,          
AOU041,366,          
EQG7B0,476,          
AKO271,478,          
MGC9F5,20,          
QHT245,380,          
MBO757,480,          
ASM293,482,          
MFL7H3,483,          
MLW0G7,485,          
GWH687,481,          
FEA544,300,          
AHG2G5,486,          
OPN1A3,488,          
LWW0D2,489,          
LZN300,262,          
MKE577,419,          
MJZ1F7,319,          
MGD464,490,          
BDN9J7,39,          
MGZ619,491,          
DBE225,492,          
AKU3E6,494,          
LZT294,306,          
MJH973,496,          
ILD4J5,497,          
AGR805,495,          
MKI612,498,          
MFO1C5,103,          
MER723,499,          
DVM607,500,          
MDO677,501,          
MJA957,213,          
MCM764,503,          
MKG167,504,          
MAX514,505,          
KWQ3F9,442,          
QIF7B1,508,          
MHA182,509,          
MHI564,507,          
MIX235,511,          
AVC635,53,          
JDR1D0,514,          
MEV627,515,          
FDM434,516,          
MKZ106,517,          
MBV5H8,518,          
MIW688,521,          
MEJ587,184,          
PGH3B0,520,          
ILQ5G4,523,          
MJR015,324,          
RAE466,454,          
LOK5D8,3,          
MET9D1,525,          
PWV299,479,          
RDU3A3,526,          
MJB200,6,          
DLS951,527,          
MBV312,514,          
RXM9H6,528,          
MCZ042,529,          
MJB2D0,6,          
MGL078,531,          
MLM005,533,          
MEI1B3,530,          
LIL939,534,          
MJV2B0,419,          
AXQ6I5,535,          
MLG510,532,          
QJP440,326,          
MIR963,537,"          
"
INT572,538,          
ANU355,539,          
AZI046,184,          
MID941,543,          
KCW299,544,          
MLP197,545,          
MLM790,546,          
MJM790,546,INFORMADO AO CLIENTE DOS 2 COXIM DO AMORTECEDOR DIANTEIRO DANIFICADOS
QHR1D6,547,          
ATN872,548,          
MHI239,540,          
CHR882,551,          
MJE890,552,          
MKC7J9,549,          
MGK502,550,          
MDI9D3,554,          
AVH3D1,313,          
DVB9F0,555,          
DDA9J9,159,          
MLK4E1,15,          
MEJ5D5,556,          
FIP269,557,          
LYI1F5,558,          
QPW3E6,559,          
MJR406,560,          
AZO2I7,561,          
QHL200,563,          
MGN937,564,          
MJZ2E4,565,          
MAO424,476,          
DST3C6,117,          
MDR618,567,          
MER382,571,          
MIE207,572,          
MJY521,573,          
MFS634,577,          
PWP2I7,65,          
EEM313,570,          
MCW070,284,          
NWA4I9,579,          
PYH773,576,          
MKC207,580,          
ADU0A4,581,          
MEG786,584,          
MJD739,578,          
NGI4F6,64,          
AZS3H7,583,          
QJQ895,587,          
ELQ8C6,297,          
MGR542,545,          
QHW546,589,          
LZU1B5,591,          
OKD3J3,586,          
MLZ8H2,159,          
QJO822,537,          
EME588,980,          
DVR253,597,          
IHA6H0,598,          
QNT204,599,          
ARQ0H1,600,          
OHG4E3,158,          
LY02F8,601,          
PEÇAS,141,"PEÇAS DANIFICADAS:
* 02 BARRA AXIAL
* 04 BUCHAS BALANÇA
*SUSPENSÃO TRASEIRA ESTÁ BATENDO."
MKK6A0,611,          
MJZ7H6,602,          
QHO5F8,604,          
FSL639,606,"peças danificadas:
02 trizetas
02 tulipas    "
QHW527,607,          
AQK0E0,612,          
MIJ924,613,          
BBV767,614,          
FFF7G3,615,          
QJA0I4,441,          
QHQ160,425,          
MGN110,585,          
OBV2F4,616,          
QHY553,617,          
MDE2J9,378,          
FSQ7G9,612,          
HQE841,221,          
MHF347,900,          
RAB0C2,756,   
MIB077,620,          
KWM1J1,480,          
ACV0J0,623,          
FQO8E5,624,          
QJZ7A9,232,          
MHL6E2,625,          
QJQ773,626,          
MGM396,622,          
MBT668,627,          
BBB056,628,          
MGN724,629,          
MLM771,630,          
OER2B7,631,          
MGO655,634,          
FIT636,118,          
OKF032,636,          
LZX543,637,          
LXH0C1,632,          
LZT6H6,638,          
RIQ4C0,635,          
KYH274,641,          
LYG0I4,230,          
MKX078,398,          
OLF3B1,11,          
QIG657,643,          
MBY620,644,          
QIM1J3,436,          
QHJ8I1,645,          
QJE422,646,          
DDL018,647,          
MCE267,59,          
MCY9G5,101,          
MDS7F8,780,          
ALC2F8,652,          
QIX932,653,rodizio pneus    
LZV466,128,          
QHU2D6,416,          
"109,63",37,          
FKO541,654,          
AHL5F6,655,          
MJS2C9,72,          
MOK302,656,          
MHL741,656,          
MCA953,657,          
MFI010,658,          
QIY812,441,          
MLR562,959,          
MEG714,660,          
MJZ618,662,          
MBH508,663,          
MGI1J7,664,          
MCR235,670,          
MJV156,4,          
MFR113,667,          
IVW4D1,609,          
QTL699,665,          
AZG2D7,669,          
QIN2B4,651,          
EIU962,666,          
KGO265,671,          
OKE9A5,673,          
MBB6C7,410,          
QHD9G4,674,          
22/11/,509,          
MLW6H9,672,          
MKJ199,676,conferir alinhamento          
ERG5D7,1618,          
MGS3A7,675,          
MEU991,462,          
AUY342,678,          
DFO1G8,159,          
MJV761,680,          
MGY516,681,          
LYL777,117,          
MCO655,682,"          
"
MJB950,683,          
NSP0G6,677,          
AVS9F6,46,          
LRP8G6,685,"          
"
PZS8D9,686,          
MKY578,687,          
MAK859,688,          
ANF7H6,691,          
MAU2D6,692,          
MJO5J0,690,          
QHI3A6,695,          
DDU811,694,          
QIN738,696,          
MIA3C4,697,          
RLJ7E6,71,          
QIY3J2,624,          
MKJ8A2,126,          
FHQ431,271,          
FFG9A9,148,          
MLA3C8,699,          
QJY3I7,541,          
QNZ3F3,701,          
QIC959,300,          
QHJ805,702,          
MKH0E5,704,          
MCH837,80,          
MLK0F2,675,          
JXO371,705,          
AXC3I7,707,          
AWN1D3,708,          
MCV896,709,          
IUU0J3,1008,          
MKS8E9,711,          
MDU600,706,          
DYF6A4,713,          
MFQ7C3,714,          
RAJ499,715,          
PHI8J6,712,          
ERN5A6,716,          
MMA8C7,577,          
MLP4F8,717,          
AVS5F6,46,          
MCN843,101,          
MHV838,718,          
MBB536,719,          
IKO4B4,720,          
QNM3J6,721,          
MKY848,723,          
MEP3D0,724,          
OIY3E5,722,          
MET319,725,          
IQW5C6,726,          
MIZ680,727,          
QHR561,12,          
MBC904,728,          
MKX817,729,"coxim amort dianteiro danificado
     "
MFS832,672,          
MCH471,51,          
BKA941,730,          
MDY199,731,RODIZIO PNEUS          
MKH1C3,585,          
GAF8A0,171,          
MKV558,733,          
MFM909,734,          
AOG830,46,          
LRT255,476,          
QJK528,735,"          






"
QJN355,736,          
QHX1G8,737,          
QHL276,115,          
MJK5F8,739,          
MJF3I0,308,          
MKC031,738,          
MDR574,740,          
MLO296,741,          
MLL8F9,743,          
MKP634,541,          
QLS3I3,744,          
MIK7D5,110,          
MII134,750,          
RDS2F8,751,          
MCL123,752,          
QHQ651,753,          
DDO8G8,749,          
MLS111,732,          
QHA064,754,          
MLC7I6,757,          
LYC615,759,          
AIB5E8,77,          
LXH5A8,1019,          
QHB6B0,760,          
MAR156,761,          
BEY0D6,763,          
MCN942,764,          
MKR223,167,          
DTU890,766,          
MMK671,768,          
RAE9F9,767,          
MIQ836,769,          
FJT2I7,770,          
MKC9J8,771,          
MIG427,772,"          
"
FMC6C9,773,          
MFA121,774,          
MFM641,159,          
MGG5A4,777,          
AZC180,778,          
IVW915,755,          
QHU5H1,539,          
RAH380,1462,RODIZIO PNEUS     
ANI076,781,          
RLB2E8,782,          
PEX8I8,417,          
MHU8A3,676,          
PGJ3G9,641,          
QULÇ1E,785,          
MDJ366,786,          
MIW7F4,787,          
IPI0I9,66,          
MBS430,788,          
MCQ096,64,          
FBX233,1024,          
ASX9S1,791,          
ASX9J1,791,          
OAP1F3,793,          
MHL159,794,          
COI282,796,          
OKE766,466,          
IQX2J3,798,          
MCV4F5,800,          
MJK4D7,801,          
MLO3B0,802,          
MIE951,676,          
MEY590,803,          
QJD708,804,          
MIW8J3,806,          
EEO6D3,807,          
MAH381,476,          
LWR343,809,          
MKQ401,810,          
LYD3C1,811,          
MDQ432,812,          
QOC5D3,813,          
MHY802,1,          
MJG772,815,          
ANV441,816,          
MGG2C6,817,          
MHI7C2,818,          
EZT8F2,819,          
JGP301,820,          
MJN746,821,          
MLA6A1,478,          
MIF8E7,822,          
MHT707,764,          
MBZ892,825,          
MGU8I8,827,          
MER476,830,          
GBG7A2,831,          
QHJ6A7,562,          
MMP991,159,          
MFK010,833,          
MHK9A6,835,          
MGH852,832,          
HJJ6F7,139,          
MCO893,834,          
MDB348,840,          
REB6I7,832,          
MFO2G8,846,          
MLC6D7,836,          
MDY165,847,          
MJB977,848,          
RDV8F9,65,          
MGR195,843,          
QIU564,838,          
MHZ3E4,850,          
MJZ9A7,844,          
IXB0A9,852,          
AXX9F5,854,          
BDC5C8,732,          
FAB3A3,446,          
HOD055,855,          
MHR0F2,856,          
MCB3G9,851,          
QHZ252,71,          
QIM712,857,          
MHK038,861,          
DWC8G1,826,          
QJQ776,860,          
EGQ7G3,863,          
DTB275,861,          
MGB772,215,          
MKF010,833,          
MHF8D0,1224,          
CTO601,865,          
MHA897,862,          
MHA1D6,870,          
IJO099,869,          
DQH6I5,230,          
MLN280,872,          
MIV729,873,          
MHA9B6,874,          
QTM0C4,213,          
AIX7J5,875,          
AKZ006,876,          
QTM5F9,878,          
MID912,879,          
MMF986,880,          
MDD353,881,          
OKH1C4,882,          
MGG8B6,883,          
MFF986,880,          
OKE7G6,466,          
MGQ738,884,          
MKL1B6,885,          
MJL8F2,587,          
MAV093,887,          
QIB3D2,888,          
LDI5G3,886,          
QJG791,889,          
QJR138,890,          
MJF308,893,          
MKN640,894,          
MFH0J1,895,          
MGK579,896,          
MEF6D9,891,          
MEB3B3,899,          
HIX941,901,          
MHL760,879,          
AXK0D0,656,          
MDY9A5,904,          
AJE3G7,254,          
DHX3F0,906,          
MJO009,908,          
HLM1A0,579,          
MKZ4E9,909,          
RAG8A5,910,          
WPE1H1,911,          
MCF9B5,912,"          
"
MIW371,913,          
QJR467,916,          
MLZ082,917,          
LQG818,918,          
GDO7H7,39,          
MUC654,957,          
MKT9A4,920,          
IUJ535,921,          
MK6B52,483,          
MKX6B5,483,          
DFS7E6,923,          
QJW7A1,922,          
CVB2B9,50,          
MDQ194,739,          
MZB132,924,          
MGR8J6,925,          
HNY208,926,          
MKO320,927,          
MGK4C1,928,          
RIB1C3,930,          
DEH0F6,76,          
EZG1B0,931,          
MIY4J5,932,          
MMI0D7,1126,"          
"
MKA0E0,935,          
MDD781,154,          
ASO623,938,          
MGH7I1,936,          
MHQ965,53,          
QHU1G8,939,          
QIB9D7,612,          
MLL292,941,          
MHN715,942,          
MML6D3,943,          
MIE082,171,          
RL04I1,5,          
QQK5B3,631,          
MCW4G5,945,          
MCQ0J6,64,          
MGE6A7,946,          
AHO238,90,          
MER9J4,948,          
QHO8F8,115,          
MHX115,950,          
CDJ5C8,1023,          
MCL417,951,          
LYW979,952,          
MGO385,313,          
MJL1B1,614,PEÇAS DANIFICADAS: PASTILHA DE DISCO DIANT/ BARRA AXIAL TRAS          
MCR2D5,670,          
MDL700,955,          
APH4F2,956,          
MAF588,958,          
GAQ4E6,953,          
GAQ4F6,953,          
LYU911,962,          
BEE199,960,          
MGJ457,963,          
RTE3J7,964,          
MHO6G0,965,          
MHZ737,796,          
LYO165,968,          
RYH1F3,37,          
MEJ594,29,          
MIU683,84,          
QHI5E0,5,          
MEO5J3,1584,          
MLH8B0,973,          
MIM9C3,974,          
MIN488,998,          
MJH2E0,977,          
AMY364,978,          
MEE7A2,979,          
MJN031,982,          
OKN7D6,981,"          
"
FEE9F3,983,          
MBW1G8,116,          
MGMOC5,984,          
MGM0C5,985,          
MKF149,986,          
MKO4D2,987,          
QIS9A4,517,          
LWU118,642,          
OWI4A9,989,          
MLT742,990,          
RDV9F3,991,          
KXG3A2,313,          
DGQ4F9,993,          
MCG2A1,996,          
QIK2D8,772,          
MLM747,997,          
RLH2J1,411,          
DPJ0C5,92,          
IGO6A0,503,          
MEL5G6,999,          
A059B4,1,          
QNM2H3,1001,          
ARSOG7,223,          
MLO3G8,1002,          
A0S9B4,1,          
AOS9B4,1000,"          
"
RLB1C3,930,          
HHX3I9,1005,          
QHI0A2,1004,          
MGI080,1003,          
QJJ066,1006,          
LYZ589,1007,          
BAA8G4,1011,          
MFF073,1012,          
MGB419,1013,          
MIN0C7,179,          
MID031,1014,          
QTL5A5,2,"          
"
MEC1E9,1016,          
MJJ506,377,          
MHT142,1017,          
MMK714,468,          
MEC024,1018,          
MLR5F6,860,          
MGJ826,1022,          
PUD2G9,1020,          
FUI1H2,1021,          
MJF3I5,538,          
MIM986,1025,          
OKG134,116,          
MHW5H9,1027,          
MKY846,723,          
ASD0B5,1028,          
MFV7D3,1029,          
MHN010,304,          
MDP459,413,          
MME0F0,115,          
MKY5C8,393,          
MIX7H0,1031,          
QDF4D4,913,          
MGJ134,1033,          
MJE907,1032,          
SXA7C0,39,          
IUH6B1,843,          
MMB040,988,          
LZQ431,1035,          
MDP232,1036,          
MIT897,9,          
MHB453,1038,          
QHW107,1039,          
RLO4I1,5,          
MDM5G7,1040,          
MMA847,171,          
MGW920,1041,          
PXU788,1042,          
APC3J2,236,          
IRB652,687,          
QJH1G6,115,          
LYA9E7,154,          
MKM722,1045,          
QID576,1046,          
MYY4D2,3,          
AVN7D8,254,          
OBL2E6,1047,          
MKO394,1048,          
MFW7A4,1049,          
QHK028,1050,          
FPQ9D8,1052,          
PYV2G7,1053,          
MHS574,1054,          
MIZ9E7,1055,          
MID476,1057,          
EEB1C1,1058,          
MJO3G6,1051,          
ENF362,1059,          
MJT5I6,1061,          
MFQ708,1060,          
HTI137,248,          
MEQ5H4,1062,          
MKQ009,1044,          
MKQ3C8,1063,          
QIV3J8,91,          
MLX1B9,1065,          
MFB9H8,1064,          
QIX832,1066,          
IOI803,1643,          
MHD9J6,1067,          
MID884,1068,          
MBA958,1070,          
KIR8H1,1496,          
QHB4C6,1071,          
BBV6E2,586,          
OFD6F9,1073,          
OKE530,313,          
MHX770,1075,          
MDZ818,1074,          
MHV5D0,1076,          
MKG205,1078,          
LXC405,1080,          
QKO0F5,1081,          
MHM748,313,          
FXS0E5,42,          
MLF680,1082,          
MIF630,1083,          
MBD4I7,908,          
MHT915,893,          
QIQ7J5,1045,          
MEN6H7,523,          
MGB8A9,572,          
OOK9F9,1086,          
BTR666,1087,          
QIP2J5,1088,          
QWR6D8,799,          
QIG9C7,1322,          
JFQ781,1090,          
QPB4H8,19,          
QJT772,1091,          
MKS0H8,1092,          
PWB4J8,1093,          
ATD297,271,          
MEU5I7,1094,          
QTM499,1095,          
RDX8I4,779,          
MIM0A5,615,          
RAE1H3,207,          
AKK729,1096,          
QIH271,1098,          
MHD6I7,19,          
MGU6C1,1099,          
MLT6I4,426,          
MDN814,1101,          
MFF8G4,1102,          
FJJ9B0,1103,          
AJX2G6,1104,          
PYU799,1106,          
MLS910,1107,          
FTS2D6,1108,          
MFH4B8,1105,          
LWX002,1110,          
MJD4J2,1111,          
MGK7F7,1112,          
BCV015,1113,          
MDL708,1114,          
MIB418,450,          
MJO6G1,82,          
LWZ929,393,          
MGO030,1116,          
ERD4J1,1117,          
MGJ090,1118,          
MCP2D0,196,          
KPP0A1,1120,          
IKN9B0,1121,          
MAW0H0,1122,          
MGR772,1123,          
AZO7F3,1124,          
ETY532,973,          
REA8F6,1108,          
QOK0F7,1125,          
LZF1E4,1127,          
MCO6I9,1128,          
MCD6I9,1128,          
MGD171,645,          
FRX3D0,1129,          
LYT1A0,12,          
MBY378,1130,          
MGJ0J0,1118,          
RFR9E1,556,          
MIS058,1132,itens na suspenção para fazer.          
MGF6B6,944,          
MDE1H3,1131,          
MKG4F4,411,          
MAI2B0,1319,          
FDW4D4,1135,          
CBL6C7,1136,          
MFP3G5,1137,          
MFL310,1138,          
MBV378,1130,          
QAD9E3,115,
MLC5G9,485,          
MHJ0C3,1140,          
ARM276,1139,          
ARR9A5,1141,          
MJE845,1108,          
MLH0D3,1142,          
AAF7H7,107,          
MLC902,1143,          
HEE1C6,1144,          
BEY0B2,134,          
QDE4I8,34,          
MJS597,1045,          
ARR195,1145,          
JHM3A8,363,          
ALV658,853,          
QIW9D1,1147,          
LZJ225,572,          
EWS927,1148,          
MJE377,1149,          
MJK617,1150,          
ITP4J2,1153,          
APK1B7,1154,          
MHN153,1156,          
HNW7D2,1157,          
KGJ8B1,1158,          
MKR2D6,1159,          
DHQ526,1160,          
DTU7F6,343,          
KAR0J1,1162,          
FPM2J5,1163,          
LZV563,1161,          
LHB395,270,          
AOS8H4,76,          
OOX3E2,872,"          
"
IKR760,1166,          
MKU166,1045,         
MKO166,1045,         
QWU9A6,511,          
MEW9E3,135,          
LZA7A7,455,          
BEA2D6,1006,          
MGX527,1168,          
QJR339,1169,          
LZO036,1157,          
MFX6I1,1171,          
MLG3B0,1167,          
MLQ2I9,1173,          
AEV3E9,1174,          
LXQ560,154,          
PQL2J3,1175,          
AQR840,1176,          
ECOSPO,1172,          
LZX7B8,1181,          
QHH216,1180,          
AVQ6A3,1180,          
ETF8A2,1315,          
MHU668,1183,          
GGO0D7,831,          
MGJ818,474,          
MLV870,1182,          
JMZ0I7,1184,          
MHM3G6,3,          
QIE5B1,540,          
QIB5B1,1185,          
RVT6D1,465,          
ION950,1108,          
RLE1H7,1187,          
INY7E5,353,          
MLW9J0,1188,          
MGK8F1,1189,          
MBY628,1191,          
KVC8J6,1192,          
MFE521,410,          
MLC9B0,1108,          
MHA504,1193,          
MIE220,1194,          
QIU391,1195,          
MCU7C5,1199,          
QHD8D0,1182,          
FCD1A7,1201,          
MIZ594,1203,          
MIV4G5,1198,          
"205,63",1203,          
MEP382,571,          
MBJ747,1204,          
MBI618,1205,          
KPW8E6,1206,          
MJU1H1,1207,          
MAL317,1354,          
MJF918,1211,          
AVL090,1212,"          
"
CVB5F6,1210,          
MCL9F3,1213,          
PDT6C4,1214,          
QIG6J6,176,          
LKR760,1166,          
FWV3A9,1215,          
AQW8A2,1216,          
MFW0H8,194,          
LQT2D5,1219,          
ASW2A3,1217,          
MEG5G8,1220,          
QHO6G6,1221,          
MEM2F0,1222,          
MFF164,922,          
BAK233,1223,          
MBD9A0,652,          
QIB2C6,1192,          
MMF881,1225,          
MLY917,1226,          
QHF801,1227,          
QJR1D0,726,          
QIL3G5,1230,          
MKY1F9,153,          
BCV8H0,1231,          
QRA2A1,289,          
MVH576,1639,          
PZK6I3,1233,          
MLQ618,1235,          
MKI347,1133,          
ANY1A5,1234,          
QYQ5H8,1239,          
MKV397,1236,          
LYU3F8,1240,          
MLJ6D2,1241,          
MAU111,1242,          
ALO9I4,1243,          
QIF0J2,1244,          
MGX3D9,1245,          
RXQ1A1,1122,          
MLL620,1246,          
QTK540,1248,          
FMA9D7,1237,          
DYC6D7,1250,          
MGM647,1249,          
MIV7E2,1251,          
MFT967,1253,          
OQD8H6,1252,          
QJQ0B4,9,          
MJV6J2,1255,          
MEE5G9,1108,          
MEU421,476,          
MIK4A4,729,          
MLK6B6,1257,          
MLS2J5,1256,          
"156,08",669,          
QIX625,1258,          
LYI5B4,1096,          
RLA5C4,1259,          
MCN0I4,1260,          
MBO472,1262,          
RDS7I4,910,          
MHR6E2,11,          
MLW2H4,1264,          
PUW3C1,962,          
MGI5A1,1263,          
QHC3F5,1235,          
JZB8J4,44,          
QTM4J9,1265,          
MUW893,254,          
MGN325,1266,          
AUP6D1,787,          
AVI2D6,1235,          
ILA1D8,1243,          
PRY3G8,1267,          
0,141,"PEÇAS DANIFICADAS:
* 02 BARRA AXIAL
* 04 BUCHAS BALANÇA
*SUSPENSÃO TRASEIRA ESTÁ BATENDO."
PEY3G8,1267,          
FLL7D1,1269,          
HLB4C6,1268,          
FEZ5J4,1270,          
MMH0J6,1273,          
FDG770,1141,          
QJA5A3,1272,          
QJO721,1108,          
LQJ3F7,1108,          
RDV4B0,1274,          
MMA052,1275,          
MGS3C8,1276,          
MCH8D7,1245,          
MCK4I0,1219,          
QHW606,1277,          
HLK9F9,1278,          
ASY4C6,1279,          
RMW1E8,812,          
QHA679,1280,          
MKE776,165,          
FEP1C3,1277,          
MBW3A8,1108,          
MIM981,1235,          
MJV617,1282,          
NEI6J1,224,          
QHB531,391,          
QWU963,511,          
OHY1F4,64,          
MGB7H2,215,          
AZL9F0,1284,          
MEQ146,1283,          
PJZ6E6,1285,          
QHI417,1281,          
MFM6E1,159,          
NOD3H3,1223,          
MJE412,1286,          
MCO3A5,1287,          
MHJ455,1235,          
QUJ4B1,1096,          
FZF1G4,1288,          
GGE6E5,1289,          
MKT0D4,659,          
EEK9B2,1164,          
EEK9B9,1164,          
QJX6J5,1291,          
DVJ5B5,851,          
MGQ2G7,1294,          
RVM9B2,547,          
QHS4H6,1295,          
MKV7E9,1296,          
IOL0I6,1219,          
GDY4I0,1297,          
KNS3G0,1298,          
DAQ3B0,1300,          
RUB4B1,305,          
NPP4E9,1301,          
DNQ2C7,1302,          
CEK6B4,1303,          
QCY0I2,1304,          
MHZ8A6,873,          
ITS1F5,1305,          
MKQ8F2,1306,          
IIX494,988,          
IVY7F7,1307,          
QQI4A6,1308,          
MKL342,1309,          
LRK726,587,          
RLI5C9,1235,          
MBW333,1235,          
QHE851,1310,          
RLO7J1,1311,          
OPK9G8,1312,          
AUF130,1166,          
QJL623,1311,          
EWO7G5,1314,          
QHJ7F0,1316,          
CGL762,1,          
EVW2J2,115,          
DDC2D4,1318,          
SHI0F9,1164,          
MEY2F1,22,          
IJC5C8,1282,"          
"
MBH778,1219,          
AJG983,1141,          
ERY7J9,1164,          
INN158,1219,          
ITN0D1,1320,          
MLA7F8,1321,          
EFQ8H0,235,          
MIF8J5,1323,          
HLM196,1235,          
QXA4C0,1325,          
QHV5G7,1212,          
MHO576,1235,          
ADU025,1326,          
QIZ557,374,          
MHD6H5,736,          
MKH4I6,1327,          
LZD2D2,1328,          
MHJ7J0,663,          
MJA6C8,115,          
QHE3E8,1329,          
MER941,908,          
MDI5B4,1607,          
DSB353,750,          
QHX097,715,          
FCV2J1,1164,          
IZH5J8,1235,          
QUO9E1,1332,          
QIO9E1,1332,          
MCW166,1345,          
MAK0H6,1334,          
MJR492,615,          
QJA1H0,53,          
QWI9C5,115,          
MHV4C7,1235,          
QAA306,1335,          
MKL2I3,1092,          
JAX5H4,1336,          
QII711,1337,          
MCN0E3,1339,          
QHZ1L6,88,          
MKM101,1340,          
MBR456,1338,          
RDW1B7,1341,          
QPM4A3,1342,          
MAH3I1,808,          
MHI9H7,1343,          
MIJ991,1344,          
JRY6D7,1335,          
MFV9C0,1346,          
MFX8G3,213,          
MLM591,874,          
AXL970,1348,          
MGO8B0,1349,          
MLR269,1350,          
IZX3C3,1351,          
MKU4E4,400,          
"106,99",1348,          
ANX3J1,1352,          
MLA317,1354,          
MIH885,1356,          
MIE4J2,1353,          
QLC0F5,1355,          
MKS9E8,1235,          
GBQ6E8,1235,          
MHC076,1358,          
QJS0H9,1357,          
KOO7C1,1219,          
MFG9D6,353,          
RYN4C2,1360,          
BCX2F5,1361,          
KXW387,1235,          
PRB8H9,1362,          
ONW9C3,1363,          
MLE098,1365,          
RAC785,1364,          
MFW603,912,          
QIZ2H9,1367,          
QHA3D0,1368,          
MJJ9G6,53,          
MDL7B7,1369,          
MLD7B7,1369,          
QHZ1I6,88,          
MIN608,1370,          
RKW2D6,1371,          
MHB2H2,1368,          
QHY5D4,1372,          
MFU325,1373,          
QJX8F9,1374,          
PUR272,1375,          
AVP7A8,1376,          
MGS5H2,1377,          
MLS973,1378,          
MIA7B2,1200,          
QIY678,1380,          
FUB797,1381,          
PUJ6H0,1382,          
MMH941,1383,          
QHD507,1384,          
MAI0F5,1385,          
MHM7I6,1386,          
MJN9I4,528,          
QIE7H9,1387,          
DIP795,1118,          
LZD4E9,1389,          
MFB3B4,1388,          
MEI685,1390,          
MDT260,1392,          
ANB5C1,1235,          
QJV3I0,630,          
FFL8F0,1394,          
AUA096,1395,          
DQM6A8,1396,          
MED7C6,1127,          
MJE655,1172,          
MLE620,1397,          
MJV443,1398,          
MHQ9F7,929,"          
"
MMC7E0,1235,          
FHC7D5,1400,"          
"
AUM3D5,1219,          
MDP635,1401,          
RKY9G8,298,          
FPV9A2,886,          
HOD6E2,1402,          
IPU8D9,1403,          
IVQ8D0,1404,          
MDZ5G9,1235,          
MHV4I9,187,          
FQJ8C2,1252,          
AOX952,1445,          
QHX7R7,1235,          
HFB5D6,1405,          
NJL2I6,410,          
AAW2B0,1406,          
LXU929,988,          
QNC020,1407,          
BES5C2,1235,          
MJE196,1408,          
AJG9I3,1174,          
MIM9I0,1409,          
AWA7F1,1410,          
BAI2F3,1411,          
MFD5F2,1412,          
GMF5J7,1414,          
MJL851,1415,          
QHB5D1,391,          
RLK2B9,1416,          
ILI496,1000,          
OOH771,1235,          
MLU805,1417,          
MLS4D1,1418,          
APC2G0,1419,          
QJS5B1,1420,          
MAS9E7,1421,          
IZT9D2,1422,          
IWY9D3,276,          
PWO053,1424,          
PHX7I7,1426,          
RXP9H3,1428,          
MLJ1B5,1429,          
MIX748,1430,          
EZE5E2,1164,          
DRV2V7,1431,          
LXS905,1432,          
MHG2E8,1433,          
MJS7A6,1423,          
FXQ7B6,1434,          
MIJ801,1235,          
EYK8G0,393,          
MIW436,1435,          
OIR8E8,1083,          
MJP7I3,1645,          
QNJ864,1437,          
RTB2B4,614,          
RAF5I0,1436,          
QJP6B6,967,          
QID1I8,1263,          
MFR5I3,1438,          
QHB0D9,614,          
GGW0I4,1235,          
IVL5C7,1439,          
QVT7C0,744,          
BBF8J0,1458,          
QHY7G1,766,          
AQG7F2,1442,          
MHW688,1444,          
HJV6G6,1441,          
CSC5J1,1446,          
QHQ9H9,170,          
LYY528,1448,          
EYJ6H1,1449,          
MJM3G0,1450,          
MIN3E9,772,          
LPQ933,1451,          
QJA1I4,1452,          
GIC1C1,106,          
APC9E9,1453,          
121.44,268,          
QIR0H3,1295,          
QTL7F3,468,          
MHU0H6,676,          
MFB2C0,1456,          
AKH496,1455,          
MIP3I9,1367,          
MCP1A2,1459,          
MLS0I7,1235,          
QJO2J7,1460,          
MHY867,1235,          
AXY2A5,1463,          
MKU5B9,1464,          
MHV1H6,1465,          
PVH410,1466,          
RLH0J7,1467,          
LXI253,1219,          
QJB3B5,1468,          
MAF533,1235,          
HGS561,1469,          
QHB025,1352,          
KRT4C8,1272,          
QVV3J5,1470,          
QIV407,1235,          
AWZ1A3,1471,          
QIT9E7,115,          
MCW9C8,1425,          
MBD5B9,1127,          
MFY5F0,1472,          
MMB0G9,1473,          
GHE3B6,1474,          
RVL2H9,567,          
MGK048,788,          
MDW4I6,1475,          
IMB6D1,1443,          
MJT708,1476,          
BIO1E8,1492,          
LXD175,170,          
RAH8I4,425,          
QHV026,1478,          
MCM404,1479,          
MFZ7A1,1480,          
MKO6J2,1482,          
MKG3D7,1483,          
RXS5D5,1481,          
QEZ0E6,115,          
FSK7D3,1484,          
MHT938,1219,          
CSE0B3,1485,          
MHG4G0,1235,          
QJG8B6,881,          
AJJ7F0,875,          
NLT742,1487,          
MIK4I8,1488,          
MJD8C3,1489,          
LYW7G5,1479,          
OUG095,1486,          
IUA5F2,1490,          
PGN0E1,1235,          
MFI6E0,1493,          
MIS0E6,1494,          
MBA1D4,1491,          
IKA4C3,1235,          
MHI139,1330,          
MJE9F8,1496,          
HLU6G6,1441,          
MJG8A8,1497,          
MFD4E8,1498,          
QHT4H2,1499,          
QIJ710,1500,          
MDP8G1,1501,          
ERM4F0,635,          
RDY5D2,1502,"          
"
MLK480,1503,          
MHC135,1505,          
MLL7B4,1504,          
RYR9H0,537,          
RXY8F0,233,          
QHG0C5,276,          
MLE567,1168,          
MJX891,1235,          
MGX0J2,1506,          
ILY7C8,1507,          
MJF0D1,664,          
QLO735,1508,          
IXP5F2,1235,          
JBU2J2,1509,          
RLG5D0,74,          
RDW2B8,831,          
NQS0C4,363,          
MLR9F2,1510,          
OAW1I2,1511,          
MHH9D6,650,          
MLE149,1512,          
QQN6D4,329,          
MJJ2J6,317,          
MFJ160,1514,          
EZQ413,1393,          
NMQ3F8,1515,          
OWO9D2,125,          
MHL2D6,222,          
MHQ0G4,1027,          
MLJ9E3,1658,          
FQG092,1517,          
MWM256,1518,          
QHM136,1519,          
RXN2B7,1521,          
MJY977,1522,          
RAG5J2,1523,          
MKF367,1108,          
MID276,1525,          
LQS2D7,1526,          
CBJ9D3,15,          
MGW4G1,236,          
NYK4J8,1528,          
MKT857,1235,          
MLC154,1529,          
MGO897,1530,          
PXT5I7,1531,          
MKQ661,1532,          
MFW168,1427,          
RXY8F1,346,          
MIH4J0,1533,          
MIQ5H9,1534,          
MLK7A8,884,          
LUK3F7,1535,          
PZF2H6,1536,          
QHA2I9,1538,          
MAC791,1540,          
QHE603,1541,          
QIZ3C9,1542,          
CXL431,317,          
DUT0I3,1543,          
MKP587,1283,          
RLA4B6,1004,          
MDQ1A9,1189,          
MFO5H3,1544,          
IYD225,1546,          
MGT0E0,248,          
MGJ569,1547,          
MLH157,1548,          
RYI8F9,1336,          
QIS2O4,179,          
MFT3C6,563,          
GHE3B3,1474,          
MGE487,1550,          
SIO0B8,1553,          
QIS204,179,          
MIM4G3,1551,          
QTL2C7,9,          
MXA3I0,1235,          
JNO9C3,1554,          
MKN8A1,69,          
LSC6E9,1556,          
GHZ442,1172,          
MGB3G9,1151,          
QHG987,1557,          
MKW3A7,1558,          
SXB5G9,1555,          
ALY0G6,1561,          
MER1D3,1563,          
MVK121,1565,          
QIE8F3,1564,          
RLD0H8,1213,          
MKV0A1,1566,          
OKH4N5,1562,          
MHF714,1567,          
RLH4G0,1536,          
QIZ099,455,          
RXR0C2,1568,          
IDO1E1,1511,          
PMC220,583,          
MJH530,1569,          
QJH530,1569,          
QHY6B6,767,          
RXR5B3,676,          
SXG5F1,1570,          
QNN0H9,1572,          
EIW7I7,1573,          
IEH2B5,1574,          
EKM6C8,1074,          
QHC4H5,366,          
QHN7G1,1528,          
MGH840,1577,          
MKJ278,1575,          
IRX770,1579,          
RAE5F1,1580,          
MMB5F2,1581,          
MEC2A4,1582,          
MLJ6E3,1583,          
MFG952,379,          
QHG575,723,          
MDF293,1219,          
MKB830,1585,          
FBX2D3,1024,          
RLF6B5,1588,          
BCF1F0,1589,          
QHU2B0,583,          
MCU2A6,565,          
MIB428,1590,          
LZJ689,1592,          
HWW2J2,1593,          
MIF3H8,284,          
DWA3G6,1127,          
MCI4C4,1594,          
MKP1I6,1595,          
BAZ014,1235,          
SXI5B2,562,          
MKN039,1596,          
MIV0C3,1598,          
PVV8C9,1599,          
MLT1I4,1597,          
FMG6F4,1600,          
QUX2B8,1396,          
QIM2H1,1602,          
OQU200,1603,          
MIV4B1,1604,          
MFO5G1,1605,          
RYQ1J7,1606,          
MIH204,1474,          
MFI0A2,1608,          
MDX065,1609,          
MKH4H4,1610,          
MMA9C8,1611,          
FKL1A2,899,          
TPX2F3,1613,          
QHO7C1,1614,          
NQB1E1,1235,          
FRH1I6,893,          
MGF4G0,1582,          
BCB0E2,150,          
MKS7B0,1615,          
NEZ8I0,1616,          
RHA8I4,425,          
IOE951,656,          
RXT6B7,454,          
FMR6H8,1378,          
MHG809,1620,          
PWP2C1,1619,          
MJK727,1092,          
MJI055,1343,          
MFS474,1623,          
MJU4J3,1625,          
MCM408,1544,          
MDP3H6,1627,          
RBB1F6,1397,          
MIY6I0,1628,          
QJF694,1629,          
MCC617,1278,          
ER3I90,1631,          
QER3I9,1631,          
QIW593,1632,          
IWQ6J4,1630,          
MFC4C8,1635,          
QHW461,1636,          
QPO7H4,1634,          
MAV363,1638,          
IMJ4H3,1336,          
MKB1J5,1641,          
RDW8C6,1291,          
MLL914,1642,          
OKF7B9,1640,          
QHS602,1235,          
MCB8G8,1436,          
MEY032,1435,          
MKD278,1644,          
SXS1I6,312,          
NMJ9C4,1646,          
MIW8G3,116,          
AZC9G8,1235,          
MKC566,1000,          
MHB2H8,1647,          
MJQ756,302,          
MAZ3A8,1580,          
MUT6H4,1345,          
MIA565,1648,          
MDJ8C3,1489,          
MHU312,1235,          
DTC1J4,1649,          
MIJ682,1650,          
CYJ3G5,1396,          
MGV916,1651,          
CHS6E7,1652,          
GQO1J8,1403,          
OMB8D5,1137,          
NMN955,1654,          
AKH1C8,46,          
ENT988,1656,          
MHD951,1657,          
RAI2C4,1659,          
MLT2J7,1660,          
